Date,Symbol,Company,Open,High,Low,Close,PrevClose,DailyReturnPct,DailyRange,RangePct,GapPct,Volume,TradedValue,Trades
2026-06-25 00:00:00,IDEA,VODAFONE IDEA LIMITED,14.38,14.45,13.98,14.06,14.31,-1.75,0.47,3.27,0.49,345168556,4889449945.08,513501
2026-06-25 00:00:00,MSUMI,MOTHERSON SUMI WRNG IND L,38.00,42.00,38.00,41.26,37.82,9.10,4.00,10.53,0.48,227891559,9337032616.65,351705
2026-06-25 00:00:00,TATSILV,TATAAML-TATSILV,21.44,21.44,20.01,21.02,21.66,-2.95,1.43,6.67,-1.02,142072472,2962013906.39,127809
2026-06-25 00:00:00,EASEMYTRIP,EASY TRIP PLANNERS LTD,7.55,7.89,7.12,7.20,7.54,-4.51,0.77,10.20,0.13,87184816,643402082.97,54018
2026-06-25 00:00:00,YESBANK,YES BANK LIMITED,25.06,25.15,24.77,24.87,24.94,-0.28,0.38,1.52,0.48,86623878,2160555866.89,75831
2026-06-25 00:00:00,SUZLON,SUZLON ENERGY LIMITED,58.24,58.46,56.87,57.14,57.91,-1.33,1.59,2.73,0.57,83934060,4833792390.53,110396
2026-06-25 00:00:00,OLAELEC,OLA ELECTRIC MOBILITY LTD,43.09,43.18,41.27,41.80,43.17,-3.17,1.91,4.43,-0.19,77976130,3287711834.39,120104
2026-06-25 00:00:00,MOTHERSON,SAMVRDHNA MTHRSN INTL LTD,145.03,155.25,144.02,151.71,144.58,4.93,11.23,7.74,0.31,74519440,11306418287.78,259878
2026-06-25 00:00:00,SEPC,SEPC LIMITED,6.85,6.90,6.48,6.59,6.81,-3.23,0.42,6.13,0.59,70372299,464689161.97,37251
2026-06-25 00:00:00,MOTISONS,MOTISONS JEWELLERS LTD,14.15,14.98,14.01,14.12,14.05,0.50,0.97,6.86,0.71,69242424,989792388.27,117185
2026-06-25 00:00:00,ASHOKLEY,ASHOK LEYLAND LTD,156.60,162.20,156.51,160.68,154.91,3.72,5.69,3.63,1.09,60935591,9749964865.79,206479
2026-06-25 00:00:00,GTLINFRA,GTL INFRA.LTD,1.47,1.47,1.40,1.40,1.44,-2.78,0.07,4.76,2.08,50810209,72403293.54,13780
2026-06-25 00:00:00,IRFC,INDIAN RAILWAY FIN CORP L,91.01,92.25,91.01,91.77,92.50,-0.79,1.24,1.36,-1.61,50633854,4650954136.83,106886
2026-06-25 00:00:00,SALASAR,SALASAR TECHNO ENGG. LTD.,6.62,6.64,6.11,6.17,6.44,-4.19,0.53,8.01,2.80,46787655,292295188.40,16697
2026-06-25 00:00:00,HDFCBANK,HDFC BANK LTD,798.50,804.45,794.75,796.30,793.20,0.39,9.70,1.21,0.67,46707966,37336168879.30,467329
2026-06-25 00:00:00,PCJEWELLER,PC JEWELLER LTD,8.80,8.83,8.52,8.57,8.78,-2.39,0.31,3.52,0.23,42388774,365878159.23,23152
2026-06-25 00:00:00,CANBK,CANARA BANK,130.97,131.10,128.01,128.95,130.15,-0.92,3.09,2.36,0.63,40872336,5282716128.52,125367
2026-06-25 00:00:00,PINELABS,PINE LABS LIMITED,162.00,164.40,158.30,160.07,161.27,-0.74,6.10,3.77,0.45,40301134,6506526393.31,176354
2026-06-25 00:00:00,VEDL,VEDANTA LIMITED,279.00,279.00,271.40,273.45,282.55,-3.22,7.60,2.72,-1.26,39094966,10718551834.45,259867
2026-06-25 00:00:00,IFCI,IFCI LTD,80.40,80.56,76.55,77.00,79.74,-3.44,4.01,4.99,0.83,36352132,2843382211.89,89557
2026-06-25 00:00:00,ONGC,OIL AND NATURAL GAS CORP.,240.80,240.80,232.10,233.10,240.00,-2.88,8.70,3.61,0.33,36085563,8491821399.75,277040
2026-06-25 00:00:00,JPPOWER,JAIPRAKASH POWER VEN. LTD,18.04,18.11,17.82,17.94,17.98,-0.22,0.29,1.61,0.33,35710188,640802787.49,24318
2026-06-25 00:00:00,ROTO,ROTO PUMPS LIMITED,76.20,78.77,72.33,74.37,76.20,-2.40,6.44,8.45,0.00,34307426,2608643996.94,93801
2026-06-25 00:00:00,TATASTEEL,TATA STEEL LIMITED,190.00,190.86,187.61,188.71,190.16,-0.76,3.25,1.71,-0.08,34151735,6445694439.45,278728
2026-06-25 00:00:00,RELAXO,RELAXO FOOT LTD.,376.20,423.00,373.10,413.55,368.95,12.09,49.90,13.26,1.97,33753393,13935464778.75,406485
2026-06-25 00:00:00,HCC,HINDUSTAN CONSTRUCTION CO,27.60,27.63,26.55,26.76,27.38,-2.26,1.08,3.91,0.80,33663287,909460767.75,29754
2026-06-25 00:00:00,SAKSOFT,SAKSOFT LIMITED,139.44,163.88,138.62,160.45,139.43,15.08,25.26,18.12,0.01,32322660,5132972349.92,157162
2026-06-25 00:00:00,CCAVENUE,AVENUESAI LIMITED,15.63,16.33,15.36,16.07,15.63,2.82,0.97,6.21,0.00,31530673,502141109.80,35782
2026-06-25 00:00:00,BANDHANBNK,BANDHAN BANK LIMITED,212.65,213.59,197.50,201.76,211.76,-4.72,16.09,7.57,0.42,31399294,6354321689.02,159457
2026-06-25 00:00:00,BHARATCOAL,BHARAT COKING COAL LTD,42.16,42.17,40.13,40.47,41.78,-3.14,2.04,4.84,0.91,30262803,1238815906.10,43194
2026-06-25 00:00:00,ABINFRA,A B INFRABUILD LIMITED,10.98,13.16,10.97,11.73,10.97,6.93,2.19,19.95,0.09,28401396,345544540.33,39275
2026-06-25 00:00:00,NATIONALUM,NATIONAL ALUMINIUM CO LTD,340.00,342.20,331.40,332.15,348.55,-4.71,10.80,3.18,-2.45,27955221,9384310789.30,177122
2026-06-25 00:00:00,RAMCOIND,RAMCO INDUSTRIES LIMITED,313.00,356.00,313.00,342.75,304.15,12.69,43.00,13.74,2.91,26777188,9198929449.25,285363
2026-06-25 00:00:00,ZEEL,ZEE ENTERTAINMENT ENT LTD,116.10,116.98,110.00,111.36,115.48,-3.57,6.98,6.01,0.54,24635497,2786399238.60,66183
2026-06-25 00:00:00,MEESHO,MEESHO LIMITED,188.37,190.33,184.37,186.45,188.37,-1.02,5.96,3.16,0.00,23935151,4486590098.46,128795
2026-06-25 00:00:00,GROWW,BILLIONBRAINS GARAGE VN L,199.70,202.00,197.81,199.79,199.69,0.05,4.19,2.10,0.01,23930259,4786728676.83,136083
2026-06-25 00:00:00,HFCL,HFCL LIMITED,209.80,215.00,209.51,215.00,204.77,5.00,5.49,2.62,2.46,23441205,5026910293.14,49294
2026-06-25 00:00:00,RPOWER,RELIANCE POWER LTD.,25.43,25.58,24.82,24.88,25.19,-1.23,0.76,2.99,0.95,22994220,577316393.41,33927
2026-06-25 00:00:00,GMRAIRPORT,GMR AIRPORTS LIMITED,108.60,109.85,108.20,108.44,108.07,0.34,1.65,1.52,0.49,22781637,2486333052.44,61518
2026-06-25 00:00:00,NMDC,NMDC LTD.,85.90,86.25,84.48,84.94,85.70,-0.89,1.77,2.06,0.23,22750846,1934710126.40,49986
2026-06-25 00:00:00,BEL,BHARAT ELECTRONICS LTD,413.60,415.05,406.00,407.20,413.55,-1.54,9.05,2.19,0.01,21994027,9019719564.80,191236
2026-06-25 00:00:00,WIPRO,WIPRO LTD,176.00,176.39,172.69,175.00,174.48,0.30,3.70,2.10,0.87,21544904,3762965948.25,154816
2026-06-25 00:00:00,ETERNAL,ETERNAL LIMITED,254.00,257.50,252.50,255.15,256.35,-0.47,5.00,1.97,-0.92,20971007,5362109337.55,170171
2026-06-25 00:00:00,TMCV,TATA MOTORS LIMITED,415.00,435.00,414.30,431.90,411.40,4.98,20.70,4.99,0.88,20630679,8822847528.40,214141
2026-06-25 00:00:00,CUPID,CUPID LIMITED,179.91,183.00,179.04,182.61,179.48,1.74,3.96,2.20,0.24,19903977,3636419272.31,56655
2026-06-25 00:00:00,NTPC,NTPC LTD,356.45,359.00,351.45,352.05,357.05,-1.40,7.55,2.12,-0.17,19767157,7017383266.25,160027
2026-06-25 00:00:00,ADANIPOWER,ADANI POWER LTD,231.29,232.49,228.65,229.27,229.76,-0.21,3.84,1.66,0.67,18735720,4321881081.14,86683
2026-06-25 00:00:00,RAMCOSYS,RAMCO SYSTEMS LTD.,694.55,732.00,673.80,709.80,673.80,5.34,58.20,8.38,3.08,18071512,12804603047.00,300346
2026-06-25 00:00:00,PNB,PUNJAB NATIONAL BANK,108.60,109.00,107.54,107.87,107.71,0.15,1.46,1.34,0.83,17863177,1933351667.85,49795
2026-06-25 00:00:00,SHAH,SHAH METACORP LIMITED,4.45,4.65,4.00,4.08,4.39,-7.06,0.65,14.61,1.37,17537240,76303932.05,7121
2026-06-25 00:00:00,RBA,RESTAURANT BRAND ASIA LTD,80.90,81.90,78.87,79.38,80.45,-1.33,3.03,3.75,0.56,17533955,1404572464.69,18524
2026-06-25 00:00:00,ICICIBANK,ICICI BANK LTD.,1381.90,1404.00,1380.10,1387.50,1373.60,1.01,23.90,1.73,0.60,17173209,23881728053.40,323911
2026-06-25 00:00:00,KOTAKBANK,KOTAK MAHINDRA BANK LTD,409.50,413.80,407.20,409.00,405.95,0.75,6.60,1.61,0.87,16587414,6803264731.25,147722
2026-06-25 00:00:00,POWERGRID,POWER GRID CORP. LTD.,290.70,291.50,283.05,283.90,290.90,-2.41,8.45,2.91,-0.07,16305770,4663204575.45,105094
2026-06-25 00:00:00,SBIN,STATE BANK OF INDIA,1040.00,1055.40,1038.55,1045.40,1034.60,1.04,16.85,1.62,0.52,16002360,16784421896.90,268790
2026-06-25 00:00:00,INFY,INFOSYS LIMITED,1065.00,1068.00,1039.10,1041.20,1056.60,-1.46,28.90,2.71,0.80,15866779,16628460525.50,275365
2026-06-25 00:00:00,PATELENG,PATEL ENGINEERING LTD.,34.93,35.10,33.42,33.87,34.63,-2.19,1.68,4.81,0.87,15769126,536065467.63,28033
2026-06-25 00:00:00,IDBI,IDBI BANK LIMITED,87.70,88.66,85.92,86.40,86.92,-0.60,2.74,3.12,0.90,15735525,1372149096.38,45061
2026-06-25 00:00:00,TMPV,TATA MOTORS PASS VEH LTD,352.30,360.50,351.00,353.20,349.70,1.00,9.50,2.70,0.74,15424509,5479714158.45,141579
2026-06-25 00:00:00,SAMMAANCAP,SAMMAAN CAPITAL LIMITED,173.00,177.01,168.44,169.81,171.68,-1.09,8.57,4.95,0.77,15155780,2592606616.36,48940
2026-06-25 00:00:00,MOREPENLAB,MOREPEN LAB. LTD,52.37,54.20,51.60,53.16,52.12,2.00,2.60,4.96,0.48,14925806,795350296.29,37675
2026-06-25 00:00:00,NHPC,NHPC LTD,79.50,79.98,78.45,79.40,79.31,0.11,1.53,1.92,0.24,14657754,1163783027.37,46557
2026-06-25 00:00:00,HSCL,HIMADRI SPECIALITY CHEM L,663.95,685.80,652.75,678.10,663.00,2.28,33.05,4.98,0.14,14453572,9663875840.20,119761
2026-06-25 00:00:00,IOC,INDIAN OIL CORP LTD,148.00,148.24,143.38,143.89,146.30,-1.65,4.86,3.28,1.16,14235354,2071094466.97,89749
2026-06-25 00:00:00,IDFCFIRSTB,IDFC FIRST BANK LIMITED,79.26,80.29,79.12,79.22,79.20,0.03,1.17,1.48,0.08,13831461,1100487111.14,43546
2026-06-25 00:00:00,SWIGGY,SWIGGY LIMITED,244.60,246.40,239.70,240.75,244.20,-1.41,6.70,2.74,0.16,13326966,3235431427.60,62083
2026-06-25 00:00:00,BAJFINANCE,BAJAJ FINANCE LIMITED,996.20,1005.60,978.90,980.40,990.95,-1.06,26.70,2.68,0.53,12807092,12696391509.10,241420
2026-06-25 00:00:00,RELIANCE,RELIANCE INDUSTRIES LTD,1318.00,1328.00,1314.60,1318.10,1313.60,0.34,13.40,1.02,0.33,12694362,16766828496.70,226862
2026-06-25 00:00:00,UNIONBANK,UNION BANK OF INDIA,175.50,176.58,174.30,174.71,174.83,-0.07,2.28,1.30,0.38,12437646,2178802013.81,44291
2026-06-25 00:00:00,VMM,VISHAL MEGA MART LIMITED,119.50,119.97,116.00,116.39,118.97,-2.17,3.97,3.32,0.45,12404613,1455420291.22,41412
2026-06-25 00:00:00,SOUTHBANK,THE SOUTH INDIAN BANK LTD,46.00,46.70,45.10,45.41,45.70,-0.63,1.60,3.48,0.66,12191719,557718467.28,40323
2026-06-25 00:00:00,HINDALCO,HINDALCO  INDUSTRIES  LTD,965.00,970.90,950.20,953.20,976.60,-2.40,20.70,2.15,-1.19,12155741,11660521566.10,160632
2026-06-25 00:00:00,MAHABANK,BANK OF MAHARASHTRA,89.40,89.40,88.00,88.71,88.53,0.20,1.40,1.57,0.98,11685001,1037103928.20,50335
2026-06-25 00:00:00,APOLLO,APOLLO MICRO SYSTEMS LTD,397.40,401.70,381.80,384.40,395.00,-2.68,19.90,5.01,0.61,11549848,4482411174.90,104657
2026-06-25 00:00:00,SAIL,STEEL AUTHORITY OF INDIA,170.72,172.18,169.43,170.79,171.42,-0.37,2.75,1.61,-0.41,11464399,1957421441.82,66490
2026-06-25 00:00:00,RTNPOWER,RATTANINDIA POWER LIMITED,9.31,9.33,9.03,9.12,9.27,-1.62,0.30,3.22,0.43,11326095,103463773.58,11354
2026-06-25 00:00:00,ITC,ITC LTD,290.35,292.25,289.20,290.00,290.35,-0.12,3.05,1.05,0.00,11230239,3264229395.30,288842
2026-06-25 00:00:00,ONWARDTEC,ONWARD TECHNOLOGIES LTD,272.00,310.90,268.05,284.70,268.40,6.07,42.85,15.75,1.34,10680239,3178955221.00,108766
2026-06-25 00:00:00,SAGILITY,SAGILITY LIMITED,40.18,40.48,39.90,40.37,40.06,0.77,0.58,1.44,0.30,10483496,421790790.88,20952
2026-06-25 00:00:00,TFCILTD,TOURISM FINANCE CORP. OF,80.25,82.28,78.01,78.44,79.53,-1.37,4.27,5.32,0.91,10435644,839377064.95,21134
2026-06-25 00:00:00,BANKBARODA,BANK OF BARODA,282.40,282.40,278.00,279.15,279.90,-0.27,4.40,1.56,0.89,10406847,2911027218.95,53258
2026-06-25 00:00:00,FEDDERSHOL,FEDDERS HOLDING LTD.,39.48,45.10,39.48,41.74,39.48,5.72,5.62,14.24,0.00,10230661,443397766.39,35653
2026-06-25 00:00:00,FCL,FINEOTEX CHEMICAL LIMITED,43.03,43.38,40.60,40.90,42.89,-4.64,2.78,6.46,0.33,10190429,423291661.19,21691
2026-06-25 00:00:00,PWL,PHYSICSWALLAH LIMITED,126.85,128.83,123.06,125.34,125.13,0.17,5.77,4.55,1.37,10157249,1285409767.03,45566
2026-06-25 00:00:00,EMBDL,EMBASSY DEVELOPMENTS LTD,64.30,66.90,63.42,63.71,61.71,3.24,3.48,5.41,4.20,10129414,657959906.46,34880
2026-06-25 00:00:00,SINDHUTRAD,SINDHU TRADE LINKS LTD,25.59,25.59,24.72,24.99,25.26,-1.07,0.87,3.40,1.31,10031826,250915147.01,2759
2026-06-25 00:00:00,M&MFIN,M&M FIN. SERVICES LTD,312.25,330.95,310.70,328.55,310.85,5.69,20.25,6.49,0.45,9972211,3209501482.10,91974
2026-06-25 00:00:00,GAIL,GAIL (INDIA) LTD,175.10,176.49,172.29,172.85,174.93,-1.19,4.20,2.40,0.10,9847241,1714029602.45,63348
2026-06-25 00:00:00,RAMASTEEL,RAMA STEEL TUBES LIMITED,4.71,4.84,4.64,4.64,4.75,-2.32,0.20,4.25,-0.84,9814409,46203015.68,7522
2026-06-25 00:00:00,NBCC,NBCC (INDIA) LIMITED,109.35,110.27,106.80,107.17,108.88,-1.57,3.47,3.17,0.43,9712938,1052573297.10,38616
2026-06-25 00:00:00,PVTBANKADD,DSPAMC - DSPPVBKETF,28.77,29.50,28.63,28.84,28.63,0.73,0.87,3.02,0.49,9588020,277931200.18,1166
2026-06-25 00:00:00,AEQUS,AEQUS LIMITED,232.00,244.25,227.10,228.95,230.43,-0.64,17.15,7.39,0.68,9328070,2211032588.53,84507
2026-06-25 00:00:00,AURIGROW,AURI GROW INDIA LIMITED,0.33,0.33,0.31,0.31,0.32,-3.13,0.02,6.06,3.13,9210844,2958630.79,1004
2026-06-25 00:00:00,BPCL,BHARAT PETROLEUM CORP  LT,319.95,320.85,309.00,309.75,315.70,-1.88,11.85,3.70,1.35,9118712,2860980979.70,59080
2026-06-25 00:00:00,SHRIRAMFIN,SHRIRAM FINANCE LIMITED,1030.00,1052.00,1026.00,1031.80,1019.00,1.26,26.00,2.52,1.08,8924791,9273622410.75,142321
2026-06-25 00:00:00,SBC,SBC EXPORTS LIMITED,41.92,41.97,41.50,41.59,41.62,-0.07,0.47,1.12,0.72,8819335,367039209.60,3198
2026-06-25 00:00:00,PFC,POWER FIN CORP LTD.,440.00,442.75,431.70,432.65,437.10,-1.02,11.05,2.51,0.66,8674187,3794481538.25,57740
2026-06-25 00:00:00,JIOFIN,JIO FIN SERVICES LTD,240.05,241.93,238.50,239.43,238.87,0.23,3.43,1.43,0.49,8663156,2082554291.35,53460
2026-06-25 00:00:00,BHEL,BHEL,404.70,408.30,401.10,402.70,402.90,-0.05,7.20,1.78,0.45,8630710,3487081779.95,53736
2026-06-25 00:00:00,BHARTIARTL,BHARTI AIRTEL LIMITED,1885.00,1889.00,1848.00,1850.70,1877.30,-1.42,41.00,2.18,0.41,8521503,15859213698.70,171042
2026-06-25 00:00:00,CENTRALBK,CENTRAL BANK OF INDIA,32.62,32.78,32.12,32.20,32.51,-0.95,0.66,2.02,0.34,8454156,274547994.95,16361
2026-06-25 00:00:00,LTF,L&T FINANCE LIMITED,299.25,307.80,297.75,299.00,296.55,0.83,10.05,3.36,0.91,8421891,2549302418.30,60537
2026-06-25 00:00:00,TATACAP,TATA CAPITAL LIMITED,362.75,373.00,358.20,363.65,354.05,2.71,14.80,4.08,2.46,8404947,3074300524.10,96258
2026-06-25 00:00:00,LLOYDSENGG,LLOYDS ENGG WORK LIMITED,86.25,87.23,84.31,84.91,85.69,-0.91,2.92,3.39,0.65,8163875,701692870.11,26749
2026-06-25 00:00:00,JSWINFRA,JSW INFRASTRUCTURE LTD,338.20,339.80,326.55,329.90,338.40,-2.51,13.25,3.92,-0.06,8082174,2683474507.05,80321
2026-06-25 00:00:00,RVNL,RAIL VIKAS NIGAM LIMITED,240.96,245.38,240.05,240.85,239.94,0.38,5.33,2.21,0.43,8000208,1947592823.91,53174
2026-06-25 00:00:00,AXISBANK,AXIS BANK LIMITED,1386.90,1400.10,1372.70,1377.20,1384.50,-0.53,27.40,1.98,0.17,7995552,11078350144.30,194167
2026-06-25 00:00:00,IRB,IRB INFRA DEV LTD.,21.34,21.45,21.09,21.19,21.32,-0.61,0.36,1.69,0.09,7989758,170109192.41,13868
2026-06-25 00:00:00,TRIDENT,TRIDENT LIMITED,27.00,27.20,26.31,26.45,26.78,-1.23,0.89,3.30,0.82,7987994,212716100.22,17868
2026-06-25 00:00:00,INDUSTOWER,INDUS TOWERS LIMITED,399.80,403.45,391.95,393.55,398.60,-1.27,11.50,2.88,0.30,7861840,3118792499.60,53797
2026-06-25 00:00:00,AEGISLOG,AEGIS LOGISTICS LIMITED,1073.90,1154.65,1057.20,1140.65,1062.90,7.31,97.45,9.07,1.03,7844762,8757501331.45,185520
2026-06-25 00:00:00,UTKARSHBNK,UTKARSH SMALL FIN BANK L,14.87,15.14,14.46,14.52,14.87,-2.35,0.68,4.57,0.00,7742037,114034741.69,10907
2026-06-25 00:00:00,HINDZINC,HINDUSTAN ZINC LIMITED,528.00,531.10,516.85,518.05,541.95,-4.41,14.25,2.70,-2.57,7705339,4028677908.70,127849
2026-06-25 00:00:00,HONASA,HONASA CONSUMER LIMITED,420.40,435.15,415.55,417.70,415.95,0.42,19.60,4.66,1.07,7670340,3258464978.60,67535
2026-06-25 00:00:00,MANAPPURAM,MANAPPURAM FINANCE LTD,314.00,319.10,309.35,318.50,318.35,0.05,9.75,3.11,-1.37,7606670,2391719662.05,67037
2026-06-25 00:00:00,TATACHEM,TATA CHEMICALS LTD,755.00,775.00,724.70,746.20,728.35,2.45,50.30,6.66,3.66,7573572,5716972139.75,143664
2026-06-25 00:00:00,IOLCP,IOL CHEM AND PHARMA LTD,132.00,139.00,131.99,133.66,130.96,2.06,7.01,5.31,0.79,7485519,1021128888.91,45114
2026-06-25 00:00:00,TIMETECHNO,TIME TECHNOPLAST LTD.,179.50,185.70,178.13,182.08,178.32,2.11,7.57,4.22,0.66,7184947,1300241537.94,42266
2026-06-25 00:00:00,COALINDIA,COAL INDIA LTD,442.55,442.85,432.00,435.40,441.75,-1.44,10.85,2.45,0.18,7046971,3063721563.50,105369
2026-06-25 00:00:00,SUMEETINDS,SUMEET IND LIMITED,27.10,27.95,26.96,27.20,27.35,-0.55,0.99,3.65,-0.91,7044486,192287406.92,4735
2026-06-25 00:00:00,AHCL,ANLON HEALTHCARE LIMITED,16.29,16.73,16.21,16.29,16.13,0.99,0.52,3.19,0.99,7009180,115210852.43,9434
2026-06-25 00:00:00,KWIL,KWALITY WALL'S (INDIA) L,35.78,36.23,34.52,34.76,35.73,-2.71,1.71,4.78,0.14,6980123,245986880.93,18791
2026-06-25 00:00:00,ATALREAL,ATAL REALTECH LIMITED,30.35,31.32,30.25,31.06,30.26,2.64,1.07,3.53,0.30,6932683,214161181.06,5207
2026-06-25 00:00:00,BANKINDIA,BANK OF INDIA,145.36,146.10,144.17,144.72,144.15,0.40,1.93,1.33,0.84,6879658,997450374.88,25373
2026-06-25 00:00:00,GROWWSLVR,GROWWAMC - GROWWSLVR,20.94,21.45,20.79,21.19,21.84,-2.98,0.66,3.15,-4.12,6822634,143905486.42,7172
2026-06-25 00:00:00,BCG,BRIGHTCOM GROUP LIMITED,10.11,10.15,9.75,9.82,10.08,-2.58,0.40,3.96,0.30,6796668,67324474.90,6598
2026-06-25 00:00:00,SETL,STANDARD ENGNG TCNLGY LTD,230.00,236.02,201.84,213.96,224.26,-4.59,34.18,14.86,2.56,6779809,1495830105.39,66001
2026-06-25 00:00:00,RATNAVEER,RATNAVEER PRECISION ENG L,183.51,195.99,179.50,180.51,182.40,-1.04,16.49,8.99,0.61,6501577,1218898760.01,46618
2026-06-25 00:00:00,OIL,OIL INDIA LTD,416.30,418.45,404.10,406.80,418.05,-2.69,14.35,3.45,-0.42,6484082,2657611477.20,69427
2026-06-25 00:00:00,RECLTD,REC LIMITED,366.10,368.00,360.00,364.65,363.65,0.27,8.00,2.19,0.67,6473908,2352269798.75,35309
2026-06-25 00:00:00,LICI,LIFE INSURA CORP OF INDIA,423.00,429.85,420.40,423.35,436.60,-3.03,9.45,2.23,-3.11,6397374,2715948173.35,72090
2026-06-25 00:00:00,TATAPOWER,TATA POWER CO LTD,395.05,395.90,388.00,388.95,393.10,-1.06,7.90,2.00,0.50,6391714,2503640355.75,60665
2026-06-25 00:00:00,FEDERALBNK,FEDERAL BANK LTD,326.70,326.70,322.65,324.05,325.20,-0.35,4.05,1.24,0.46,6310533,2045683082.25,66583
2026-06-25 00:00:00,UJJIVANSFB,UJJIVAN SMALL FINANC BANK,57.70,58.09,55.81,56.14,57.22,-1.89,2.28,3.95,0.84,6261660,355780275.51,31824
2026-06-25 00:00:00,NYKAA,FSN E COMMERCE VENTURES,308.00,308.00,300.35,301.35,306.50,-1.68,7.65,2.48,0.49,6174289,1865857826.75,54376
2026-06-25 00:00:00,INOXWIND,INOX WIND LIMITED,90.75,91.54,89.30,89.52,90.30,-0.86,2.24,2.47,0.50,6007189,542708016.10,23032
2026-06-25 00:00:00,UCOBANK,UCO BANK,27.09,27.33,27.00,27.16,27.11,0.18,0.33,1.22,-0.07,5972740,162306641.58,12029
2026-06-25 00:00:00,HCLTECH,HCL TECHNOLOGIES LTD,1133.00,1133.50,1097.50,1100.70,1113.90,-1.19,36.00,3.18,1.71,5877425,6540337165.30,180085
2026-06-25 00:00:00,HINDPETRO,HINDUSTAN PETROLEUM CORP,418.50,420.00,407.50,409.25,412.90,-0.88,12.50,2.99,1.36,5756207,2377145014.45,47058
2026-06-25 00:00:00,LEMONTREE,LEMON TREE HOTELS LTD,119.93,121.43,119.00,119.69,119.34,0.29,2.43,2.03,0.49,5699007,685737398.33,44044
2026-06-25 00:00:00,BAJAJHIND,BAJAJ HINDUSTHAN SUGAR LT,18.85,18.95,18.05,18.15,18.83,-3.61,0.90,4.77,0.11,5672956,104345450.28,10231
2026-06-25 00:00:00,MMTC,MMTC LIMITED,72.35,72.87,68.30,68.63,72.08,-4.79,4.57,6.32,0.37,5597870,389804435.91,23891
2026-06-25 00:00:00,HIMATSEIDE,HIMATSINGKA SEIDE LTD,88.88,94.95,88.23,89.85,88.09,2.00,6.72,7.56,0.90,5589210,514218152.16,31810
2026-06-25 00:00:00,NARMADA,NARMADA AGROBASE LIMITED,41.50,42.85,40.50,42.73,39.48,8.23,2.35,5.66,5.12,5572237,234584197.62,16110
2026-06-25 00:00:00,DIACABS,DIAMOND POWER INFRA LTD,206.45,212.80,202.01,206.28,204.43,0.90,10.79,5.23,0.99,5565888,1162157866.40,36209
2026-06-25 00:00:00,EXIDEIND,EXIDE INDUSTRIES LTD,401.00,410.50,388.55,389.80,399.50,-2.43,21.95,5.47,0.38,5559184,2223109476.30,72242
2026-06-25 00:00:00,ALOKINDS,ALOK INDUSTRIES LIMITED,13.18,13.23,12.73,12.83,13.11,-2.14,0.50,3.79,0.53,5503276,71399765.58,7798
2026-06-25 00:00:00,IREDA,INDIAN RENEWABLE ENERGY,128.30,129.28,126.66,127.47,127.52,-0.04,2.62,2.04,0.61,5419903,696300228.26,24551
2026-06-25 00:00:00,M&M,MAHINDRA & MAHINDRA LTD,3090.00,3208.50,3086.00,3182.20,3064.50,3.84,122.50,3.96,0.83,5346892,16971173100.40,227707
2026-06-25 00:00:00,HARDWYN,HARDWYN INDIA LIMITED,25.37,25.44,23.90,24.73,25.20,-1.87,1.54,6.07,0.67,5336282,131778991.47,6115
2026-06-25 00:00:00,PPLPHARMA,PIRAMAL PHARMA LIMITED,173.00,173.31,166.13,167.69,172.44,-2.75,7.18,4.15,0.32,5222873,883190396.69,37125
2026-06-25 00:00:00,MAXHEALTH,MAX HEALTHCARE INS LTD,1077.00,1139.80,1075.50,1123.35,1081.70,3.85,64.30,5.97,-0.43,5156097,5788647991.60,139932
2026-06-25 00:00:00,RBLBANK,RBL BANK LIMITED,381.00,381.00,369.90,371.05,377.05,-1.59,11.10,2.91,1.05,5145366,1933844906.90,36105
2026-06-25 00:00:00,INDIGO,INTERGLOBE AVIATION LTD,5265.00,5464.90,5265.00,5450.00,5207.20,4.66,199.90,3.80,1.11,5145228,27858031309.60,262293
2026-06-25 00:00:00,LODHA,LODHA DEVELOPERS LIMITED,955.00,972.00,942.15,947.45,937.85,1.02,29.85,3.13,1.83,4936333,4730952569.60,66415
2026-06-25 00:00:00,UNITECH,UNITECH LTD,4.73,4.85,4.64,4.77,4.71,1.27,0.21,4.44,0.42,4850240,22874058.46,2544
2026-06-25 00:00:00,CMPDI,CENTRAL MINE P N D INST L,261.00,261.76,247.05,248.82,258.41,-3.71,14.71,5.64,1.00,4796589,1215442545.33,48239
2026-06-25 00:00:00,TCS,TATA CONSULTANCY SERV LT,2133.60,2148.50,2088.00,2094.70,2109.00,-0.68,60.50,2.84,1.17,4738903,10035714708.10,177569
2026-06-25 00:00:00,AWL,AWL AGRI BUSINESS LIMITED,184.00,185.70,181.70,182.03,183.09,-0.58,4.00,2.17,0.50,4721053,864430392.57,47613
2026-06-25 00:00:00,PACEDIGITK,PACE DIGITEK LIMITED,213.00,213.80,198.30,200.03,212.77,-5.99,15.50,7.28,0.11,4712773,969292982.93,36031
2026-06-25 00:00:00,JYOTISTRUC,JYOTI STRUCTURES LTD,11.99,12.06,11.56,11.68,11.93,-2.10,0.50,4.17,0.50,4606409,54182585.43,4668
2026-06-25 00:00:00,REDINGTON,REDINGTON LIMITED,283.00,291.17,280.80,286.40,283.85,0.90,10.37,3.66,-0.30,4585234,1313405323.55,64659
2026-06-25 00:00:00,JSWCEMENT,JSW CEMENT LIMITED,134.00,136.90,133.00,133.55,133.59,-0.03,3.90,2.91,0.31,4566649,614818699.33,53134
2026-06-25 00:00:00,JAYNECOIND,JAYASWAL NECO INDUSTR LTD,85.50,89.90,85.17,85.76,86.24,-0.56,4.73,5.53,-0.86,4556271,397206329.88,28969
2026-06-25 00:00:00,JISLJALEQS,JAIN IRRIGATION SYSTEMS,36.00,36.65,34.68,34.98,35.76,-2.18,1.97,5.47,0.67,4512378,160541094.69,11651
2026-06-25 00:00:00,ABFRL,ADITYA BIRLA FASHION & RT,62.20,62.20,59.85,60.12,61.60,-2.40,2.35,3.78,0.97,4458924,270876406.54,19781
2026-06-25 00:00:00,SCI,SHIPPING CORP OF INDIA LT,325.00,326.70,310.50,311.80,323.10,-3.50,16.20,4.98,0.59,4444268,1409254633.95,42418
2026-06-25 00:00:00,NAUKRI,INFO EDGE (I) LTD,1019.50,1019.90,976.30,978.85,1009.80,-3.06,43.60,4.28,0.96,4379956,4398055695.05,48398
2026-06-25 00:00:00,MCLOUD,MAGELLANIC CLOUD LIMITED,28.26,28.34,26.60,27.13,27.98,-3.04,1.74,6.16,1.00,4288641,117467476.02,8718
2026-06-25 00:00:00,IGL,INDRAPRASTHA GAS LTD,169.70,171.73,168.30,170.38,167.94,1.45,3.43,2.02,1.05,4244989,723092296.07,34791
2026-06-25 00:00:00,NIACL,THE NEW INDIA ASSU CO LTD,190.29,193.02,183.26,184.63,188.51,-2.06,9.76,5.13,0.94,4204537,784168854.34,32551
2026-06-25 00:00:00,NSLNISP,NMDC STEEL LIMITED,44.40,44.60,43.55,43.68,44.65,-2.17,1.05,2.36,-0.56,4178210,183731296.61,15446
2026-06-25 00:00:00,VBL,VARUN BEVERAGES LIMITED,508.75,514.60,505.45,507.65,506.70,0.19,9.15,1.80,0.40,4139647,2106649682.00,38329
2026-06-25 00:00:00,PARACABLES,PARAMOUNT COMM LTD,71.40,73.40,69.63,70.34,70.00,0.49,3.77,5.28,2.00,4132719,297047452.19,16966
2026-06-25 00:00:00,IEX,INDIAN ENERGY EXC LTD,125.60,127.18,124.70,125.00,125.21,-0.17,2.48,1.97,0.31,4130819,520309077.44,29790
2026-06-25 00:00:00,GATEWAY,GATEWAY DISTRIPARKS LTD,61.98,62.39,58.01,58.65,61.84,-5.16,4.38,7.07,0.23,4046073,241000108.86,15703
2026-06-25 00:00:00,LLOYDSENT,LLOYDS ENTERPRISES LTD,76.99,77.00,72.61,73.17,76.51,-4.37,4.39,5.70,0.63,4030822,299856191.92,17755
2026-06-25 00:00:00,BAJAJHFL,BAJAJ HOUSING FINANCE LTD,88.00,89.30,87.26,87.50,87.95,-0.51,2.04,2.32,0.06,4007314,353108712.10,26720
2026-06-25 00:00:00,ABCAPITAL,ADITYA BIRLA CAPITAL LTD.,397.55,399.35,389.10,390.80,394.80,-1.01,10.25,2.58,0.70,4003937,1579524735.75,44157
2026-06-25 00:00:00,BELRISE,BELRISE INDUSTRIES LTD,245.90,252.00,243.36,245.66,244.61,0.43,8.64,3.51,0.53,3995334,989302871.80,40071
2026-06-25 00:00:00,PAISALO,PAISALO DIGITAL LIMITED,59.80,59.80,58.95,59.34,59.21,0.22,0.85,1.42,1.00,3988094,236618935.17,8057
2026-06-25 00:00:00,CHOLAFIN,CHOLAMANDALAM IN & FIN CO,1807.00,1816.60,1785.90,1799.20,1792.90,0.35,30.70,1.70,0.79,3949686,7121916874.10,73715
2026-06-25 00:00:00,ELECTCAST,ELECTROSTEEL CASTINGS LTD,80.00,83.60,78.06,78.60,79.82,-1.53,5.54,6.92,0.23,3942323,318401136.31,30726
2026-06-25 00:00:00,TEJASNET,TEJAS NETWORKS LIMITED,626.00,636.80,619.30,622.75,624.00,-0.20,17.50,2.80,0.32,3909807,2452404182.25,64446
2026-06-25 00:00:00,ALLCARGO,ALLCARGO LOGISTICS LTD,8.35,8.38,8.11,8.15,8.30,-1.81,0.27,3.23,0.60,3905031,31955381.80,6161
2026-06-25 00:00:00,DLF,DLF LIMITED,622.00,631.75,620.00,621.35,618.15,0.52,11.75,1.89,0.62,3891469,2434220541.25,66713
2026-06-25 00:00:00,CUB,CITY UNION BANK LTD,206.15,206.90,196.75,198.85,204.60,-2.81,10.15,4.92,0.76,3879534,781223725.75,52101
2026-06-25 00:00:00,SMALLCAP,MIRAEAMC - SMALLCAP,47.71,47.71,46.00,46.42,46.55,-0.28,1.71,3.58,2.49,3850355,179104122.49,3114
2026-06-25 00:00:00,GROWWPOWER,GROWWAMC - GROWWPOWER,12.46,12.46,12.11,12.14,12.16,-0.16,0.35,2.81,2.47,3789577,46326910.90,2458
2026-06-25 00:00:00,CCCL,CONS. CONST. CONSORT LTD,19.50,20.55,18.11,18.49,18.86,-1.96,2.44,12.51,3.39,3717527,72707431.10,9867
2026-06-25 00:00:00,RAIN,RAIN INDUSTRIES LIMITED,193.95,194.19,184.20,185.49,192.73,-3.76,9.99,5.15,0.63,3712602,695541428.74,23150
2026-06-25 00:00:00,GNRL,GUJARAT NATURAL RES L,83.20,101.85,83.20,101.85,84.88,19.99,18.65,22.42,-1.98,3644362,357130609.41,27201
2026-06-25 00:00:00,HINDCOPPER,HINDUSTAN COPPER LTD,495.00,500.00,489.20,491.40,502.25,-2.16,10.80,2.18,-1.44,3632389,1796915206.60,66251
2026-06-25 00:00:00,RHETAN,RHETAN TMT LIMITED,27.75,27.75,26.30,26.55,27.47,-3.35,1.45,5.23,1.02,3617208,97858395.56,4946
2026-06-25 00:00:00,SBICARD,SBI CARDS & PAY SER LTD,610.10,638.80,610.10,624.85,607.60,2.84,28.70,4.70,0.41,3603643,2263906055.80,68638
2026-06-25 00:00:00,ANGELONE,ANGEL ONE LIMITED,341.50,344.75,334.70,335.25,340.65,-1.59,10.05,2.94,0.25,3444464,1164231598.60,36936
2026-06-25 00:00:00,CGCL,CAPRI GLOBAL CAPITAL LTD,220.00,220.80,216.50,217.44,218.39,-0.44,4.30,1.95,0.74,3380152,736401540.12,20761
2026-06-25 00:00:00,RENUKA,SHREE RENUKA SUGARS LTD,22.99,23.01,22.31,22.40,22.90,-2.18,0.70,3.04,0.39,3371856,75988199.50,7711
2026-06-25 00:00:00,INDHOTEL,THE INDIAN HOTELS CO. LTD,726.50,731.45,719.10,720.65,725.50,-0.67,12.35,1.70,0.14,3352755,2429882790.85,33475
2026-06-25 00:00:00,IXIGO,LE TRAVENUES TECHNOLOGY L,186.00,192.64,183.26,189.83,184.94,2.64,9.38,5.04,0.57,3342202,626533934.64,72202
2026-06-25 00:00:00,EQUITASBNK,EQUITAS SMALL FIN BNK LTD,77.65,77.87,73.82,75.14,77.05,-2.48,4.05,5.22,0.78,3308235,249047929.17,28085
2026-06-25 00:00:00,CONFIPET,CONFIDENCE PETRO IND LTD.,73.80,74.39,71.00,71.87,73.44,-2.14,3.39,4.59,0.49,3302017,237996606.11,8649
2026-06-25 00:00:00,CMRGREEN,CMR GREEN TECHNOLOGIES L,261.95,261.95,244.00,246.70,258.95,-4.73,17.95,6.85,1.16,3293441,824950439.90,31659
2026-06-25 00:00:00,SONACOMS,SONA BLW PRECISION FRGS L,624.00,632.20,617.25,619.25,621.10,-0.30,14.95,2.40,0.47,3276539,2054376817.40,48180
2026-06-25 00:00:00,SYRMA,SYRMA SGS TECHNOLOGY LTD,1439.00,1517.70,1426.50,1440.50,1424.70,1.11,91.20,6.34,1.00,3269803,4808983377.70,109875
2026-06-25 00:00:00,NDL,NANDAN DENIM LIMITED,2.65,2.65,2.41,2.46,2.59,-5.02,0.24,9.06,2.32,3263888,8248603.52,1523
2026-06-25 00:00:00,FEDFINA,FEDBANK FINANCIAL SER L,147.68,150.41,146.01,148.37,150.89,-1.67,4.40,2.98,-2.13,3249052,482666854.12,29334
2026-06-25 00:00:00,STEELXIND,STEEL EXCHANGE INDIA LTD,12.69,12.96,12.31,12.41,12.60,-1.51,0.65,5.12,0.71,3233845,40694768.20,4195
2026-06-25 00:00:00,CGPOWER,CG POWER AND IND SOL LTD,919.45,948.95,919.45,942.10,919.45,2.46,29.50,3.21,0.00,3215230,3014077238.75,68967
2026-06-25 00:00:00,AMBUJACEM,AMBUJA CEMENTS LTD,429.90,434.30,422.55,423.75,426.85,-0.73,11.75,2.73,0.71,3173028,1353889398.90,32720
2026-06-25 00:00:00,KALYANKJIL,KALYAN JEWELLERS IND LTD,378.10,381.35,374.65,377.80,376.20,0.43,6.70,1.77,0.51,3154130,1191704123.70,36525
2026-06-25 00:00:00,METAL,MIRAEAMC - METAL,12.86,12.86,12.54,12.57,12.68,-0.87,0.32,2.49,1.42,3131610,39462384.88,8593
2026-06-25 00:00:00,LT,LARSEN & TOUBRO LTD.,4207.00,4272.30,4187.10,4216.40,4181.70,0.83,85.20,2.03,0.61,3104020,13142514330.10,159634
2026-06-25 00:00:00,JINDALSTEL,JINDAL STEEL LIMITED,1089.70,1093.00,1056.30,1059.50,1089.70,-2.77,36.70,3.37,0.00,3101359,3339013242.00,91149
2026-06-25 00:00:00,AGIIL,AGI INFRA LIMITED,355.95,375.00,352.25,370.25,354.65,4.40,22.75,6.39,0.37,3099083,1136951804.25,23757
2026-06-25 00:00:00,J&KBANK,J & K BANK LTD.,160.34,161.31,157.60,158.40,159.55,-0.72,3.71,2.31,0.50,3072094,486832873.02,54541
2026-06-25 00:00:00,PETRONET,PETRONET LNG LIMITED,288.45,290.40,281.65,282.25,287.85,-1.95,8.75,3.03,0.21,3057705,870844795.20,33580
2026-06-25 00:00:00,CROMPTON,CROMPT GREA CON ELEC LTD,276.50,278.55,273.60,275.30,275.25,0.02,4.95,1.79,0.45,3048811,842865357.50,32871
2026-06-25 00:00:00,MCX,MULTI COMMODITY EXCHANGE,2819.90,2882.00,2808.00,2831.70,2840.60,-0.31,74.00,2.62,-0.73,3043053,8671261518.20,170642
2026-06-25 00:00:00,VIKASLIFE,VIKAS LIFECARE LIMITED,1.49,1.51,1.46,1.46,1.48,-1.35,0.05,3.36,0.68,3024573,4488431.82,21396
2026-06-25 00:00:00,COFORGE,COFORGE LIMITED,1512.00,1521.70,1485.40,1492.90,1497.90,-0.33,36.30,2.40,0.94,2997232,4502840381.70,134477
2026-06-25 00:00:00,VIDYAWIRES,VIDYA WIRES LIMITED,97.45,102.00,96.90,97.65,98.87,-1.23,5.10,5.23,-1.44,2988868,295676888.95,19064
2026-06-25 00:00:00,TATACONSUM,TATA CONSUMER PRODUCT LTD,1104.90,1135.30,1099.80,1131.30,1098.10,3.02,35.50,3.21,0.62,2959240,3318521996.70,92145
2026-06-25 00:00:00,LENSKART,LENSKART SOLUTIONS LTD,523.00,524.00,506.45,508.90,516.35,-1.44,17.55,3.36,1.29,2944713,1512625799.25,36658
2026-06-25 00:00:00,HERITGFOOD,HERITAGE FOODS LTD,322.40,352.50,322.40,336.80,320.80,4.99,30.10,9.34,0.50,2921520,988413266.50,49457
2026-06-25 00:00:00,GREAVESCOT,GREAVES COTTON LTD.,215.15,219.25,211.40,214.09,213.98,0.05,7.85,3.65,0.55,2877118,621850454.43,35709
2026-06-25 00:00:00,HATHWAY,HATHWAY CABLE & DATACOM,12.05,12.10,11.60,11.73,11.82,-0.76,0.50,4.15,1.95,2866282,33757996.52,3532
2026-06-25 00:00:00,PIXTRANS,PIX TRANSMISSIONS LIMITED,1619.90,1854.00,1619.90,1796.10,1612.80,11.37,234.10,14.45,0.44,2861654,5165675278.40,116690
2026-06-25 00:00:00,ENGINERSIN,ENGINEERS INDIA LTD,256.20,256.90,250.10,251.82,253.69,-0.74,6.80,2.65,0.99,2854776,722505376.11,32544
2026-06-25 00:00:00,IIFL,IIFL FINANCE LIMITED,521.00,530.25,509.00,509.70,525.15,-2.94,21.25,4.08,-0.79,2838935,1465169593.50,62650
2026-06-25 00:00:00,ARFIN,ARFIN INDIA LIMITED,92.21,94.41,87.70,89.81,93.13,-3.56,6.71,7.28,-0.99,2837673,262091039.71,8346
2026-06-25 00:00:00,AVANTEL,AVANTEL LIMITED,171.60,177.00,167.50,171.83,170.12,1.01,9.50,5.54,0.87,2835042,489629476.37,25584
2026-06-25 00:00:00,BSE,BSE LIMITED,3905.00,3933.00,3857.00,3872.10,3886.60,-0.37,76.00,1.95,0.47,2834114,11025661841.70,145557
2026-06-25 00:00:00,LEMERITE,LE MERITE EXPORTS LIMITED,24.00,25.25,23.82,24.28,25.07,-3.15,1.43,5.96,-4.27,2824694,68228293.65,2511
2026-06-25 00:00:00,AADHARHFC,AADHAR HOUSING FINANCE L,508.20,542.00,508.20,518.50,506.30,2.41,33.80,6.65,0.38,2800730,1465283141.20,74950
2026-06-25 00:00:00,NETWORK18,NETWORK18 MEDIA & INV LTD,33.33,33.47,32.42,32.63,33.17,-1.63,1.05,3.15,0.48,2799653,92092318.64,9010
2026-06-25 00:00:00,DELHIVERY,DELHIVERY LIMITED,481.05,482.70,464.05,464.80,481.05,-3.38,18.65,3.88,0.00,2797129,1315289092.95,33306
2026-06-25 00:00:00,EIEL,ENVIRO INFRA ENGINEERS L,220.95,225.00,215.20,218.55,220.29,-0.79,9.80,4.44,0.30,2749847,608060934.47,30718
2026-06-25 00:00:00,NTPCGREEN,NTPC GREEN ENERGY LIMITED,95.20,95.90,94.65,95.72,94.67,1.11,1.25,1.31,0.56,2739504,261422172.50,19254
2026-06-25 00:00:00,PCBL,PCBL CHEMICAL LIMITED,316.65,322.50,311.15,317.40,315.15,0.71,11.35,3.58,0.48,2730852,869828811.90,40890
2026-06-25 00:00:00,MRPL,MRPL,157.00,157.00,153.00,153.93,156.23,-1.47,4.00,2.55,0.49,2722969,421345056.53,18736
2026-06-25 00:00:00,FUSION,FUSION FINANCE LIMITED,182.75,197.96,182.00,192.77,180.94,6.54,15.96,8.73,1.00,2686968,515550844.85,33488
2026-06-25 00:00:00,TALBROAUTO,TALBROS AUTO. COMP. LTD,392.00,429.90,387.00,406.50,386.15,5.27,42.90,10.94,1.51,2670461,1103042416.20,57089
2026-06-25 00:00:00,EMSLIMITED,EMS LIMITED,413.00,432.00,410.00,419.90,411.00,2.17,22.00,5.33,0.49,2665774,1125810171.15,34957
2026-06-25 00:00:00,PARAS,PARAS DEF AND SPCE TECH L,1294.90,1303.00,1224.90,1233.75,1288.45,-4.25,78.10,6.03,0.50,2655683,3335405174.90,81490
2026-06-25 00:00:00,DYCL,DYNAMIC CABLES LIMITED,355.45,385.80,355.45,377.40,353.50,6.76,30.35,8.54,0.55,2638915,993776113.00,66692
2026-06-25 00:00:00,KAYNES,KAYNES TECHNOLOGY IND LTD,3225.00,3386.00,3212.00,3264.70,3203.10,1.92,174.00,5.40,0.68,2631736,8692667855.10,142293
2026-06-25 00:00:00,VIPULLTD,VIPUL LIMITED,12.37,12.98,11.85,12.98,12.37,4.93,1.13,9.14,0.00,2607191,33443105.32,3761
2026-06-25 00:00:00,DHANBANK,DHANLAXMI BANK LIMITED,34.27,34.68,31.75,32.00,34.39,-6.95,2.93,8.55,-0.35,2605407,85417208.24,8674
2026-06-25 00:00:00,EDELWEISS,EDELWEISS FIN SERV LTD,125.98,126.40,121.75,122.45,125.37,-2.33,4.65,3.69,0.49,2603957,321961244.52,18577
