Date,Symbol,Company,Close,Probability_UP,Predicted,prediction_rank
2026-09-22,ADL,ARCHIDPLY DECOR LIMITED,69.0,0.7031109136094704,1,1
2026-09-22,KSHITIJPOL,KSHITIJ POLYLINE LIMITED,4.61,0.7029072435962077,1,2
2026-09-22,GUJRAFFIA,GUJARAT RAFFIA INDUST LTD,39.21,0.7000856400030032,1,3
2026-09-22,ACEINTEG,ACE INTEGRATED SOLU. LTD.,17.31,0.682611479765718,1,4
2026-09-22,MOHITIND,MOHIT INDUSTRIES LTD,22.87,0.6634846290470513,1,5
2026-09-22,SAYAJIHOTL,SAYAJI HOTELS LTD.,309.15,0.6617862269140292,1,6
2026-09-22,SGL,STL GLOBAL LIMITED,9.07,0.6596893186814615,1,7
2026-09-22,STLNETWORK,STL NETWORKS LIMITED,47.34,0.6595836436715281,1,8
2026-09-22,HEALTHX,HEALTH X PLATFORM LIMITED,289.4,0.6587984712888988,1,9
2026-09-22,POLYSPIN,POLYSPIN EXPORTS LTD.,28.51,0.6549646134674141,1,10
