TradDt,BizDt,Sgmt,Src,FinInstrmTp,FinInstrmId,ISIN,TckrSymb,SctySrs,XpryDt,FininstrmActlXpryDt,StrkPric,OptnTp,FinInstrmNm,OpnPric,HghPric,LwPric,ClsPric,LastPric,PrvsClsgPric,UndrlygPric,SttlmPric,OpnIntrst,ChngInOpnIntrst,TtlTradgVol,TtlTrfVal,TtlNbOfTxsExctd,SsnId,NewBrdLotQty,Rmks,Rsvd1,Rsvd2,Rsvd3,Rsvd4
2026-07-13,2026-07-13,CM,NSE,STK,29124,INE785M01021,PCJEWELLER,EQ,,,,,PC JEWELLER LTD,9.99,10.14,9.7,9.92,9.89,9.99,,9.92,,,454387491,4506706166.98,221022,F1,1,,,,,
2026-07-13,2026-07-13,CM,NSE,STK,14366,INE669E01016,IDEA,EQ,,,,,VODAFONE IDEA LIMITED,14.1,14.17,13.93,13.96,13.95,14.19,,13.96,,,234457573,3283114321.1,294293,F1,1,,,,,
2026-07-13,2026-07-13,CM,NSE,STK,2955,INE303R01014,KALYANKJIL,EQ,,,,,KALYAN JEWELLERS IND LTD,470.5,531.9,469.0,510.65,511.35,476.15,,510.65,,,154485625,78923811698.05,892993,F1,1,,,,,
2026-07-13,2026-07-13,CM,NSE,STK,750290,INE1CLE01013,VISL,EQ,,,,,VEDANTA IRON AND STEEL L,35.4,36.41,35.2,36.41,36.41,34.68,,36.41,,,92593863,3345849756.28,87913,F1,1,,,,,
2026-07-13,2026-07-13,CM,NSE,STK,20788,INE0FRK01020,MOTISONS,EQ,,,,,MOTISONS JEWELLERS LTD,14.16,14.72,14.03,14.25,14.23,14.2,,14.25,,,65063082,931456748.6,39721,F1,1,,,,,
2026-07-13,2026-07-13,CM,NSE,STK,18520,INE509F01029,CUPID,EQ,,,,,CUPID LIMITED,212.24,215.25,205.0,206.83,207.99,212.24,,206.83,,,60588172,12702578636.82,293007,F1,1,,,,,
2026-07-13,2026-07-13,CM,NSE,STK,2513,INE412G01024,BCLIND,EQ,,,,,BCL INDUSTRIES LIMITED,33.5,39.6,33.5,37.16,38.19,34.24,,37.16,,,58370999,2230267424.16,171309,F1,1,,,,,
2026-07-13,2026-07-13,CM,NSE,STK,750368,INE704J01044,VOGL,EQ,,,,,VEDANTA OIL AND GAS LTD,39.0,39.89,38.61,38.97,38.87,38.74,,38.97,,,54872010,2145991098.67,117080,F1,1,,,,,
2026-07-13,2026-07-13,CM,NSE,STK,11915,INE528G01035,YESBANK,EQ,,,,,YES BANK LIMITED,23.8,23.93,23.6,23.78,23.8,23.94,,23.78,,,51935772,1232398433.33,67340,F1,1,,,,,
2026-07-13,2026-07-13,CM,NSE,STK,759820,INE15B701018,PINELABS,EQ,,,,,PINE LABS LIMITED,146.0,156.6,145.31,155.14,155.91,145.27,,155.15,,,50633391,7773457861.58,221919,F1,1,,,,,
2026-07-13,2026-07-13,CM,NSE,STK,3499,INE081A01020,TATASTEEL,EQ,,,,,TATA STEEL LIMITED,189.0,189.27,185.4,187.11,187.18,191.19,,187.11,,,47597415,8896577266.76,253916,F1,1,,,,,
2026-07-13,2026-07-13,CM,NSE,STK,21428,INF277KA1984,TATSILV,EQ,,,,,TATAAML-TATSILV,20.99,21.15,20.73,21.08,21.08,21.21,,21.08,,,45491760,953011333.0,74857,F1,1,,,,,
2026-07-13,2026-07-13,CM,NSE,STK,24777,INE0LXG01040,OLAELEC,EQ,,,,,OLA ELECTRIC MOBILITY LTD,40.09,40.78,39.56,40.32,40.23,40.41,,40.32,,,42164795,1699857351.63,84927,F1,1,,,,,
2026-07-13,2026-07-13,CM,NSE,STK,12018,INE040H01021,SUZLON,EQ,,,,,SUZLON ENERGY LIMITED,53.6,53.63,52.92,53.17,53.23,53.92,,53.17,,,40687795,2165177149.91,80153,F1,1,,,,,
2026-07-13,2026-07-13,CM,NSE,STK,750518,INE694L01019,VEDPOWER,EQ,,,,,VEDANTA POWER LIMITED,41.5,42.49,41.11,41.43,41.5,41.83,,41.43,,,36357613,1516190577.32,69654,F1,1,,,,,
2026-07-13,2026-07-13,CM,NSE,STK,759806,INE0HOQ01053,GROWW,EQ,,,,,BILLIONBRAINS GARAGE VN L,202.19,209.73,201.0,208.18,208.99,204.47,,208.18,,,36096879,7462041606.0,183019,F1,1,,,,,
2026-07-13,2026-07-13,CM,NSE,STK,17801,INE093R01011,LLOYDSENGG,EQ,,,,,LLOYDS ENGG WORK LIMITED,89.4,95.1,89.26,90.82,90.6,90.6,,90.82,,,35663051,3302369010.03,114907,F1,1,,,,,
2026-07-13,2026-07-13,CM,NSE,STK,1076,INE520A01027,ZENSARTECH,EQ,,,,,ZENSAR TECHNOLOGIES  LTD,504.0,547.4,496.1,540.2,541.5,508.25,,540.2,,,33053195,17612338679.1,391785,F1,1,,,,,
2026-07-13,2026-07-13,CM,NSE,STK,13745,INE221H01019,GTLINFRA,EQ,,,,,GTL INFRA.LTD,1.33,1.35,1.3,1.31,1.31,1.33,,1.31,,,32922567,43489062.64,13324,F1,1,,,,,
2026-07-13,2026-07-13,CM,NSE,STK,1164,INE619B01017,NEWGEN,EQ,,,,,NEWGEN SOFTWARE TECH LTD,511.95,607.0,507.05,590.5,585.85,517.2,,590.5,,,32487365,18683808896.25,419717,F1,1,,,,,
2026-07-13,2026-07-13,CM,NSE,STK,6596,INE269A01021,SONATSOFTW,EQ,,,,,SONATA SOFTWARE LTD,285.0,329.5,281.5,316.05,313.05,285.35,,316.05,,,31028990,9823584242.2,235689,F1,1,,,,,
2026-07-13,2026-07-13,CM,NSE,STK,10753,INE692A01016,UNIONBANK,EQ,,,,,UNION BANK OF INDIA,163.0,170.75,162.51,170.39,170.7,164.51,,170.39,,,30404181,5115204687.0,106815,F1,1,,,,,
2026-07-13,2026-07-13,CM,NSE,STK,11377,INE457A01014,MAHABANK,EQ,,,,,BANK OF MAHARASHTRA,83.57,84.71,81.9,82.56,82.55,84.25,,82.56,,,29829138,2467697293.95,98474,F1,1,,,,,
2026-07-13,2026-07-13,CM,NSE,STK,6579,INE02NC01014,FINOPB,EQ,,,,,FINO PAYMENTS BANK LTD,143.0,162.48,142.22,161.33,161.99,135.4,,161.32,,,29573133,4537642143.4,147057,F1,1,,,,,
2026-07-13,2026-07-13,CM,NSE,STK,11763,INE351F01018,JPPOWER,EQ,,,,,JAIPRAKASH POWER VEN. LTD,16.9,16.92,16.72,16.79,16.85,17.02,,16.79,,,29220538,491395511.44,25714,F1,1,,,,,
2026-07-13,2026-07-13,CM,NSE,STK,15228,INE551W01018,UJJIVANSFB,EQ,,,,,UJJIVAN SMALL FINANC BANK,65.0,67.0,64.02,66.87,67.0,65.27,,66.87,,,28602924,1882732536.33,93536,F1,1,,,,,
2026-07-13,2026-07-13,CM,NSE,STK,24610,INE005B01027,AVANTEL,EQ,,,,,AVANTEL LIMITED,186.49,197.77,182.2,183.76,182.75,180.19,,183.76,,,27633446,5223086614.06,170904,F1,1,,,,,
2026-07-13,2026-07-13,CM,NSE,STK,17388,INE814H01029,ADANIPOWER,EQ,,,,,ADANI POWER LTD,217.1,218.78,215.1,215.46,215.24,218.45,,215.46,,,26415659,5723198208.4,113986,F1,1,,,,,
2026-07-13,2026-07-13,CM,NSE,STK,3812,INE256A01028,ZEEL,EQ,,,,,ZEE ENTERTAINMENT ENT LTD,97.05,101.7,96.3,101.33,101.2,97.47,,101.33,,,26171393,2595603131.77,77767,F1,1,,,,,
2026-07-13,2026-07-13,CM,NSE,STK,759477,INE01TY01017,CANHLIFE,EQ,,,,,CANARA HSBC LIFE INS CO L,145.95,158.8,145.95,147.3,146.6,144.03,,147.3,,,25473742,3899683076.38,163010,F1,1,,,,,
2026-07-13,2026-07-13,CM,NSE,STK,15259,INE614G01033,RPOWER,EQ,,,,,RELIANCE POWER LTD.,24.83,25.25,24.51,24.98,25.15,25.12,,24.98,,,24104630,599174104.82,36514,F1,1,,,,,
2026-07-13,2026-07-13,CM,NSE,STK,15332,INE584A01023,NMDC,EQ,,,,,NMDC LTD.,84.01,84.3,83.31,84.13,84.24,84.92,,84.12,,,23088111,1935406336.84,54458,F1,1,,,,,
2026-07-13,2026-07-13,CM,NSE,STK,1375,INE549A01026,HCC,EQ,,,,,HINDUSTAN CONSTRUCTION CO,23.59,24.16,23.31,23.77,23.78,23.89,,23.77,,,22787237,541712323.26,22996,F1,1,,,,,
2026-07-13,2026-07-13,CM,NSE,STK,2283,INE103A01014,MRPL,EQ,,,,,MRPL,162.5,170.0,162.5,164.74,164.74,162.49,,164.74,,,22735229,3791705175.35,120650,F1,1,,,,,
2026-07-13,2026-07-13,CM,NSE,STK,16249,INE483S01020,CCAVENUE,EQ,,,,,AVENUESAI LIMITED,17.91,18.4,17.76,18.21,18.18,18.1,,18.21,,,22637508,410020836.61,25953,F1,1,,,,,
2026-07-13,2026-07-13,CM,NSE,STK,3787,INE075A01022,WIPRO,EQ,,,,,WIPRO LTD,174.6,179.95,174.36,178.43,178.41,175.46,,178.43,,,22417855,3992445102.77,127259,F1,1,,,,,
2026-07-13,2026-07-13,CM,NSE,STK,1333,INE040A01034,HDFCBANK,EQ,,,,,HDFC BANK LTD,817.0,821.95,811.0,817.95,817.5,824.95,,817.95,,,21741736,17778697986.0,242082,F1,1,,,,,
2026-07-13,2026-07-13,CM,NSE,STK,24948,INE498L01015,LTF,EQ,,,,,L&T FINANCE LIMITED,321.25,333.5,318.0,324.7,324.7,321.25,,324.7,,,21524893,7061370369.7,146835,F1,1,,,,,
2026-07-13,2026-07-13,CM,NSE,STK,1594,INE009A01021,INFY,EQ,,,,,INFOSYS LIMITED,1057.1,1114.9,1057.1,1102.6,1102.6,1068.0,,1102.6,,,20994760,23001958436.3,338475,F1,1,,,,,
2026-07-13,2026-07-13,CM,NSE,STK,3466,INE305A01023,TFCILTD,EQ,,,,,TOURISM FINANCE CORP. OF,75.0,82.3,74.61,80.81,80.56,75.15,,80.81,,,19615653,1580092681.76,48334,F1,1,,,,,
2026-07-13,2026-07-13,CM,NSE,STK,10794,INE476A01022,CANBK,EQ,,,,,CANARA BANK,127.47,129.73,126.44,129.33,129.2,128.78,,129.33,,,19227723,2467781399.46,85087,F1,1,,,,,
2026-07-13,2026-07-13,CM,NSE,STK,4668,INE028A01039,BANKBARODA,EQ,,,,,BANK OF BARODA,249.0,252.7,247.0,250.65,250.3,250.95,,250.65,,,18662940,4676301035.5,86827,F1,1,,,,,
2026-07-13,2026-07-13,CM,NSE,STK,212,INE208A01029,ASHOKLEY,EQ,,,,,ASHOK LEYLAND LTD,154.3,160.37,153.3,159.22,159.0,157.49,,159.22,,,17695602,2787288417.27,124378,F1,1,,,,,
2026-07-13,2026-07-13,CM,NSE,STK,27066,INE00H001014,SWIGGY,EQ,,,,,SWIGGY LIMITED,269.99,272.78,266.13,266.77,266.99,273.25,,266.77,,,17568805,4716704591.56,194563,F1,1,,,,,
2026-07-13,2026-07-13,CM,NSE,STK,15308,INE964H01014,SEPC,EQ,,,,,SEPC LIMITED,6.5,6.63,6.42,6.49,6.5,6.56,,6.49,,,16814264,109720357.68,8002,F1,1,,,,,
2026-07-13,2026-07-13,CM,NSE,STK,27052,INE0W2G01015,SAGILITY,EQ,,,,,SAGILITY LIMITED,42.0,42.5,41.74,42.03,42.04,42.53,,42.03,,,16755085,706162217.73,35260,F1,1,,,,,
2026-07-13,2026-07-13,CM,NSE,STK,2792,INE07O001026,EASEMYTRIP,EQ,,,,,EASY TRIP PLANNERS LTD,6.71,7.09,6.71,7.04,7.05,6.9,,7.04,,,16659192,116388660.97,14609,F1,1,,,,,
2026-07-13,2026-07-13,CM,NSE,STK,15313,INE821I01022,IRB,EQ,,,,,IRB INFRA DEV LTD.,20.19,20.44,20.01,20.32,20.33,20.29,,20.32,,,16185168,327942914.18,23092,F1,1,,,,,
2026-07-13,2026-07-13,CM,NSE,STK,17400,INE848E01016,NHPC,EQ,,,,,NHPC LTD,78.75,79.77,78.53,79.46,79.6,79.82,,79.46,,,15935734,1261498008.41,48037,F1,1,,,,,
2026-07-13,2026-07-13,CM,NSE,STK,2259,INE083A01026,MOREPENLAB,EQ,,,,,MOREPEN LAB. LTD,60.8,64.1,60.3,62.29,62.33,61.22,,62.29,,,15187668,953614353.64,41810,F1,1,,,,,
2026-07-13,2026-07-13,CM,NSE,STK,29962,INE599M01018,JUSTDIAL,EQ,,,,,JUSTDIAL LTD.,601.95,676.85,601.95,676.85,676.85,564.05,,677.0,,,15126498,9799630760.4,211760,F1,1,,,,,
2026-07-13,2026-07-13,CM,NSE,STK,13528,INE776C01039,GMRAIRPORT,EQ,,,,,GMR AIRPORTS LIMITED,112.0,114.99,111.6,114.68,114.49,112.51,,114.68,,,14980179,1708601276.04,50657,F1,1,,,,,
2026-07-13,2026-07-13,CM,NSE,STK,5097,INE758T01015,ETERNAL,EQ,,,,,ETERNAL LIMITED,286.1,288.9,284.6,285.2,285.25,289.65,,285.2,,,14808761,4240654722.15,117986,F1,1,,,,,
2026-07-13,2026-07-13,CM,NSE,STK,19020,INE880J01026,JSWINFRA,EQ,,,,,JSW INFRASTRUCTURE LTD,331.95,355.8,331.7,351.2,352.0,330.05,,351.2,,,14799789,5143369130.45,188693,F1,1,,,,,
2026-07-13,2026-07-13,CM,NSE,STK,4204,INE775A01035,MOTHERSON,EQ,,,,,SAMVRDHNA MTHRSN INTL LTD,142.05,144.75,141.06,144.06,144.25,143.19,,144.06,,,14294629,2042339685.85,61496,F1,1,,,,,
2026-07-13,2026-07-13,CM,NSE,STK,438,INE257A01026,BHEL,EQ,,,,,BHEL,392.75,412.0,389.6,409.1,408.75,395.25,,409.1,,,14286194,5810062816.4,164266,F1,1,,,,,
2026-07-13,2026-07-13,CM,NSE,STK,1922,INE237A01036,KOTAKBANK,EQ,,,,,KOTAK MAHINDRA BANK LTD,375.8,385.15,375.1,384.65,385.05,377.6,,384.65,,,14167721,5390810675.65,114076,F1,1,,,,,
2026-07-13,2026-07-13,CM,NSE,STK,14922,INE323I01011,PURVA,EQ,,,,,PURAVANKARA LIMITED,223.2,261.8,219.61,248.4,249.4,224.06,,248.41,,,13995860,3536332293.84,126039,F1,1,,,,,
2026-07-13,2026-07-13,CM,NSE,STK,31415,INE095N01031,NBCC,EQ,,,,,NBCC (INDIA) LIMITED,98.8,102.47,98.14,101.49,101.45,99.98,,101.49,,,13918087,1406274065.2,49482,F1,1,,,,,
2026-07-13,2026-07-13,CM,NSE,STK,25807,INE080I01025,LLOYDSENT,EQ,,,,,LLOYDS ENTERPRISES LTD,77.45,80.82,76.6,78.87,78.5,78.18,,78.87,,,13773992,1092711719.76,47188,F1,1,,,,,
2026-07-13,2026-07-13,CM,NSE,STK,11184,INE092T01019,IDFCFIRSTB,EQ,,,,,IDFC FIRST BANK LIMITED,79.99,80.79,79.86,80.58,80.41,80.83,,80.58,,,13772292,1107163489.8,47901,F1,1,,,,,
2026-07-13,2026-07-13,CM,NSE,STK,1491,INE039A01010,IFCI,EQ,,,,,IFCI LTD,76.28,77.35,76.01,76.46,76.65,77.46,,76.46,,,13642739,1044417010.95,36959,F1,1,,,,,
2026-07-13,2026-07-13,CM,NSE,STK,18143,INE758E01017,JIOFIN,EQ,,,,,JIO FIN SERVICES LTD,239.8,243.48,239.35,241.41,241.24,241.96,,241.41,,,13432355,3247974487.34,69691,F1,1,,,,,
2026-07-13,2026-07-13,CM,NSE,STK,25468,INE420C01059,PAISALO,EQ,,,,,PAISALO DIGITAL LIMITED,72.0,73.75,71.16,72.3,71.55,73.24,,72.3,,,13098380,947809604.03,31897,F1,1,,,,,
2026-07-13,2026-07-13,CM,NSE,STK,7852,INE066P01011,INOXWIND,EQ,,,,,INOX WIND LIMITED,82.0,82.3,80.7,81.09,81.16,82.61,,81.09,,,12833126,1042798755.27,44252,F1,1,,,,,
2026-07-13,2026-07-13,CM,NSE,STK,1660,INE154A01025,ITC,EQ,,,,,ITC LTD,281.35,281.5,279.5,279.65,279.85,281.75,,279.65,,,12559492,3519171166.2,243354,F1,1,,,,,
2026-07-13,2026-07-13,CM,NSE,STK,2475,INE213A01029,ONGC,EQ,,,,,OIL AND NATURAL GAS CORP.,246.3,249.25,245.55,248.45,248.0,244.96,,248.45,,,12453319,3084928008.46,85821,F1,1,,,,,
2026-07-13,2026-07-13,CM,NSE,STK,11536,INE467B01029,TCS,EQ,,,,,TATA CONSULTANCY SERV LT,2075.0,2204.9,2065.1,2181.5,2182.9,2069.0,,2181.5,,,12382622,26782359193.5,381465,F1,1,,,,,
2026-07-13,2026-07-13,CM,NSE,STK,10666,INE160A01022,PNB,EQ,,,,,PUNJAB NATIONAL BANK,104.6,106.45,104.0,106.34,106.31,105.41,,106.34,,,11968478,1265218631.91,44739,F1,1,,,,,
2026-07-13,2026-07-13,CM,NSE,STK,1624,INE242A01010,IOC,EQ,,,,,INDIAN OIL CORP LTD,137.0,140.17,136.62,139.95,140.0,138.96,,139.95,,,11620086,1610104527.01,94813,F1,1,,,,,
2026-07-13,2026-07-13,CM,NSE,STK,21951,INE548A01028,HFCL,EQ,,,,,HFCL LIMITED,214.04,218.79,211.5,214.63,213.4,217.25,,214.62,,,11156951,2398588527.6,56943,F1,1,,,,,
2026-07-13,2026-07-13,CM,NSE,STK,17358,INE735W01017,UTKARSHBNK,EQ,,,,,UTKARSH SMALL FIN BANK L,14.46,15.26,14.4,15.2,15.26,14.64,,15.2,,,11066780,166390880.84,11753,F1,1,,,,,
2026-07-13,2026-07-13,CM,NSE,STK,5633,INE168A01041,J&KBANK,EQ,,,,,J & K BANK LTD.,188.99,191.65,181.94,182.6,182.95,192.65,,182.6,,,10888625,2023718260.94,83256,F1,1,,,,,
2026-07-13,2026-07-13,CM,NSE,STK,5948,INE683A01023,SOUTHBANK,EQ,,,,,THE SOUTH INDIAN BANK LTD,45.75,46.2,44.82,45.88,45.95,45.81,,45.89,,,10629738,487226640.03,27480,F1,1,,,,,
2026-07-13,2026-07-13,CM,NSE,STK,2263,INE545U01014,BANDHANBNK,EQ,,,,,BANDHAN BANK LIMITED,208.0,214.2,207.29,213.15,212.53,210.0,,213.14,,,10596594,2242948736.03,75411,F1,1,,,,,
2026-07-13,2026-07-13,CM,NSE,STK,2963,INE114A01011,SAIL,EQ,,,,,STEEL AUTHORITY OF INDIA,166.2,167.64,163.71,167.01,166.82,167.95,,167.01,,,10301179,1705729318.61,47452,F1,1,,,,,
2026-07-13,2026-07-13,CM,NSE,STK,4963,INE090A01021,ICICIBANK,EQ,,,,,ICICI BANK LTD.,1393.5,1413.0,1386.3,1409.5,1407.8,1401.2,,1409.5,,,10091437,14161908061.5,205509,F1,1,,,,,
2026-07-13,2026-07-13,CM,NSE,STK,4745,INE084A01016,BANKINDIA,EQ,,,,,BANK OF INDIA,143.99,145.9,142.56,145.59,145.46,144.9,,145.59,,,9795111,1416169518.67,38071,F1,1,,,,,
2026-07-13,2026-07-13,CM,NSE,STK,17520,INE399K01017,RTNPOWER,EQ,,,,,RATTANINDIA POWER LIMITED,8.95,9.12,8.85,9.02,9.06,8.99,,9.02,,,9773782,88071601.01,10466,F1,1,,,,,
2026-07-13,2026-07-13,CM,NSE,STK,3063,INE205A01025,VEDL,EQ,,,,,VEDANTA LIMITED,271.0,271.25,268.1,269.65,270.0,272.55,,269.65,,,9688301,2612074072.9,110659,F1,1,,,,,
2026-07-13,2026-07-13,CM,NSE,STK,14894,INE483A01010,CENTRALBK,EQ,,,,,CENTRAL BANK OF INDIA,32.2,32.87,32.07,32.72,32.78,32.6,,32.72,,,9530629,310964914.07,17734,F1,1,,,,,
2026-07-13,2026-07-13,CM,NSE,STK,2885,INE002A01018,RELIANCE,EQ,,,,,RELIANCE INDUSTRIES LTD,1300.0,1306.4,1295.0,1296.9,1297.0,1307.8,,1296.9,,,9488352,12329316771.2,227014,F1,1,,,,,
2026-07-13,2026-07-13,CM,NSE,STK,15337,INE855B01025,RAIN,EQ,,,,,RAIN INDUSTRIES LIMITED,207.04,218.9,205.55,213.41,213.2,207.05,,213.41,,,9311301,1997575680.88,79206,F1,1,,,,,
2026-07-13,2026-07-13,CM,NSE,STK,760726,INE05XR01022,BHARATCOAL,EQ,,,,,BHARAT COKING COAL LTD,37.24,37.74,36.95,37.53,37.57,37.56,,37.53,,,9082069,340299879.74,16440,F1,1,,,,,
2026-07-13,2026-07-13,CM,NSE,STK,48,INE419U01012,HAPPSTMNDS,EQ,,,,,HAPPIEST MINDS TECHNO LTD,384.0,419.9,378.1,407.55,407.45,386.3,,407.55,,,9034683,3677248191.95,149557,F1,1,,,,,
2026-07-13,2026-07-13,CM,NSE,STK,7229,INE860A01027,HCLTECH,EQ,,,,,HCL TECHNOLOGIES LTD,1162.0,1237.0,1162.0,1221.2,1224.0,1164.1,,1221.2,,,9028077,10935703487.4,214773,F1,1,,,,,
2026-07-13,2026-07-13,CM,NSE,STK,27969,INE01EA01019,VMM,EQ,,,,,VISHAL MEGA MART LIMITED,117.48,118.51,115.95,116.21,116.29,118.79,,116.21,,,8973303,1046491672.3,28605,F1,1,,,,,
2026-07-13,2026-07-13,CM,NSE,STK,762663,INE669R01026,ELITECON,EQ,,,,,ELITECON INTERNATIONAL L,20.71,22.8,19.26,19.98,19.9,21.1,,19.98,,,8964563,183397968.06,27425,F1,1,,,,,
2026-07-13,2026-07-13,CM,NSE,STK,11794,INE667G01023,SAKSOFT,EQ,,,,,SAKSOFT LIMITED,178.24,188.16,174.78,185.02,184.98,171.06,,185.03,,,8883598,1632207205.87,54691,F1,1,,,,,
2026-07-13,2026-07-13,CM,NSE,STK,20790,INE235C01036,SUMEETINDS,EQ,,,,,SUMEET IND LIMITED,31.76,32.98,31.45,32.63,32.4,31.72,,32.63,,,8871676,285710962.19,8378,F1,1,,,,,
2026-07-13,2026-07-13,CM,NSE,STK,757102,INE894V01022,BELRISE,EQ,,,,,BELRISE INDUSTRIES LTD,230.65,239.26,229.07,236.56,236.0,231.56,,236.57,,,8638680,2032695747.34,64546,F1,1,,,,,
2026-07-13,2026-07-13,CM,NSE,STK,8596,INE0FS801015,MSUMI,EQ,,,,,MOTHERSON SUMI WRNG IND L,40.05,40.73,39.5,40.54,40.59,40.14,,40.54,,,8580443,345148705.75,33192,F1,1,,,,,
2026-07-13,2026-07-13,CM,NSE,STK,760229,INE0VDM01015,MEESHO,EQ,,,,,MEESHO LIMITED,193.0,194.2,188.6,189.76,189.9,194.11,,189.76,,,8475549,1625789782.06,92707,F1,1,,,,,
2026-07-13,2026-07-13,CM,NSE,STK,3456,INE155A01022,TMPV,EQ,,,,,TATA MOTORS PASS VEH LTD,339.35,344.0,334.4,342.25,343.5,337.95,,342.25,,,8402444,2850095553.9,79284,F1,1,,,,,
2026-07-13,2026-07-13,CM,NSE,STK,3045,INE062A01020,SBIN,EQ,,,,,STATE BANK OF INDIA,1023.5,1042.9,1022.1,1037.0,1036.7,1036.0,,1037.0,,,8381510,8687789541.5,196329,F1,1,,,,,
2026-07-13,2026-07-13,CM,NSE,STK,24532,INE816B01035,FILATEX,EQ,,,,,FILATEX INDIA LTD,62.0,66.99,61.44,64.38,64.3,62.25,,64.38,,,8313864,539503976.25,31269,F1,1,,,,,
2026-07-13,2026-07-13,CM,NSE,STK,11630,INE733E01010,NTPC,EQ,,,,,NTPC LTD,345.05,355.0,343.7,351.75,352.4,344.55,,351.75,,,8226337,2870661182.5,202554,F1,1,,,,,
2026-07-13,2026-07-13,CM,NSE,STK,14977,INE752E01010,POWERGRID,EQ,,,,,POWER GRID CORP. LTD.,282.8,286.45,281.65,286.0,285.25,283.1,,286.0,,,8083023,2305317203.05,87542,F1,1,,,,,
2026-07-13,2026-07-13,CM,NSE,STK,27097,INE995S01015,NIVABUPA,EQ,,,,,NIVA BUPA HEALTH INS CO L,86.0,89.45,85.6,88.09,88.27,86.51,,88.09,,,7936816,693684910.71,34518,F1,1,,,,,
2026-07-13,2026-07-13,CM,NSE,STK,10604,INE397D01024,BHARTIARTL,EQ,,,,,BHARTI AIRTEL LIMITED,1914.0,1917.0,1896.7,1901.8,1903.6,1920.4,,1901.8,,,7862506,14981284461.0,107576,F1,1,,,,,
2026-07-13,2026-07-13,CM,NSE,STK,6792,INE04AK01028,SBC,EQ,,,,,SBC EXPORTS LIMITED,42.38,42.49,42.06,42.17,42.16,42.38,,42.17,,,7619573,322468068.31,4211,F1,1,,,,,
2026-07-13,2026-07-13,CM,NSE,STK,6545,INE388Y01029,NYKAA,EQ,,,,,FSN E COMMERCE VENTURES,328.45,332.15,327.05,328.4,328.95,330.1,,328.4,,,7568346,2492586199.65,54931,F1,1,,,,,
2026-07-13,2026-07-13,CM,NSE,STK,11373,INE376G01013,BIOCON,EQ,,,,,BIOCON LIMITED.,413.5,415.6,402.7,410.95,413.15,418.5,,410.95,,,7504643,3069048546.9,71743,F1,1,,,,,
2026-07-13,2026-07-13,CM,NSE,STK,18921,INE200M01039,VBL,EQ,,,,,VARUN BEVERAGES LIMITED,477.25,478.7,464.55,469.1,468.0,478.1,,469.1,,,7281774,3423227267.65,109856,F1,1,,,,,
2026-07-13,2026-07-13,CM,NSE,STK,1406,INE094A01015,HINDPETRO,EQ,,,,,HINDUSTAN PETROLEUM CORP,388.25,394.15,385.55,391.6,391.5,395.3,,391.6,,,7267088,2836181499.5,78395,F1,1,,,,,
2026-07-13,2026-07-13,CM,NSE,STK,763839,INE17QZ01016,KNACK,EQ,,,,,KNACK PACKAGING LIMITED,209.48,217.23,203.14,205.29,203.55,209.58,,205.63,,,7234507,1528477622.91,52668,F1,1,,,,,
2026-07-13,2026-07-13,CM,NSE,STK,750174,INE1CDF01017,VAML,EQ,,,,,VEDANTA ALUMINIUM METAL L,441.9,456.0,440.65,450.95,451.55,443.55,,450.95,,,7186549,3230447254.5,110771,F1,1,,,,,
2026-07-13,2026-07-13,CM,NSE,STK,14732,INE271C01023,DLF,EQ,,,,,DLF LIMITED,679.55,690.25,673.35,682.35,685.0,685.75,,682.35,,,6977830,4746499589.1,70771,F1,1,,,,,
2026-07-13,2026-07-13,CM,NSE,STK,1476,INE008A01015,IDBI,EQ,,,,,IDBI BANK LIMITED,82.41,84.65,81.73,84.07,84.01,82.89,,84.07,,,6877037,576600195.95,26903,F1,1,,,,,
2026-07-13,2026-07-13,CM,NSE,STK,383,INE263A01024,BEL,EQ,,,,,BHARAT ELECTRONICS LTD,411.95,412.9,408.6,410.8,410.5,414.85,,410.8,,,6650781,2729314458.6,87948,F1,1,,,,,
2026-07-13,2026-07-13,CM,NSE,STK,760946,INE2KCE01013,KWIL,EQ,,,,,KWALITY WALL'S (INDIA) L,32.5,33.02,32.1,32.46,32.59,32.91,,32.46,,,6543237,212504564.02,20788,F1,1,,,,,
2026-07-13,2026-07-13,CM,NSE,STK,28046,INE0HLU01028,MOBIKWIK,EQ,,,,,ONE MOBIKWIK SYSTEMS LTD,216.96,231.2,216.02,225.29,224.5,221.45,,225.28,,,6495943,1463962735.27,72450,F1,1,,,,,
2026-07-13,2026-07-13,CM,NSE,STK,308,INE306A01021,BAJAJHIND,EQ,,,,,BAJAJ HINDUSTHAN SUGAR LT,17.35,17.97,17.08,17.7,17.73,17.35,,17.7,,,6390264,112778034.31,9065,F1,1,,,,,
2026-07-13,2026-07-13,CM,NSE,STK,759453,INE078V01014,VIKRAMSOLR,EQ,,,,,VIKRAM SOLAR LIMITED,202.5,205.99,194.01,195.24,195.05,203.35,,195.25,,,6383687,1275156865.01,50445,F1,1,,,,,
2026-07-13,2026-07-13,CM,NSE,STK,2029,INE053F01010,IRFC,EQ,,,,,INDIAN RAILWAY FIN CORP L,89.9,89.9,88.72,89.75,89.71,89.9,,89.75,,,6101114,545656629.93,42326,F1,1,,,,,
2026-07-13,2026-07-13,CM,NSE,STK,29482,INE613C01026,MCLOUD,EQ,,,,,MAGELLANIC CLOUD LIMITED,29.11,30.1,28.91,29.61,29.69,29.35,,29.61,,,6042680,178766377.41,13257,F1,1,,,,,
2026-07-13,2026-07-13,CM,NSE,STK,4732,INE411D01023,SKMEGGPROD,EQ,,,,,SKM EGG PROD EXPORT(I) LT,318.0,372.0,315.35,360.9,357.0,321.35,,360.95,,,5940256,2127201105.35,109419,F1,1,,,,,
2026-07-13,2026-07-13,CM,NSE,STK,759782,INE1TAE01010,TMCV,EQ,,,,,TATA MOTORS LIMITED,418.2,423.7,415.6,420.75,420.2,422.5,,420.75,,,5898259,2476175504.35,101972,F1,1,,,,,
2026-07-13,2026-07-13,CM,NSE,STK,15649,INE0ALR01029,ATALREAL,EQ,,,,,ATAL REALTECH LIMITED,29.31,29.5,27.85,28.96,29.0,29.31,,28.96,,,5719605,164948816.57,30397,F1,1,,,,,
2026-07-13,2026-07-13,CM,NSE,STK,759723,INE0LP301011,PWL,EQ,,,,,PHYSICSWALLAH LIMITED,147.0,147.45,141.2,142.62,142.7,147.43,,142.62,,,5707220,821540376.67,29587,F1,1,,,,,
2026-07-13,2026-07-13,CM,NSE,STK,20374,INE522F01014,COALINDIA,EQ,,,,,COAL INDIA LTD,429.0,431.9,425.0,430.2,430.95,429.3,,430.2,,,5650932,2418817736.2,79204,F1,1,,,,,
2026-07-13,2026-07-13,CM,NSE,STK,17271,INE602W01027,SENCO,EQ,,,,,SENCO GOLD LIMITED,362.2,384.7,358.5,381.0,383.95,362.15,,381.0,,,5609385,2115994671.75,88217,F1,1,,,,,
2026-07-13,2026-07-13,CM,NSE,STK,9683,INE04I401011,KPITTECH,EQ,,,,,KPIT TECHNOLOGIES LIMITED,560.0,578.9,556.6,573.45,574.0,561.75,,573.45,,,5545256,3166019199.75,74803,F1,1,,,,,
2026-07-13,2026-07-13,CM,NSE,STK,526,INE029A01011,BPCL,EQ,,,,,BHARAT PETROLEUM CORP  LT,304.8,309.15,302.15,307.55,307.8,309.75,,307.55,,,5543349,1697328968.25,75706,F1,1,,,,,
2026-07-13,2026-07-13,CM,NSE,STK,1134,INE713T01028,APOLLO,EQ,,,,,APOLLO MICRO SYSTEMS LTD,408.0,408.65,400.5,402.85,403.85,408.85,,402.85,,,5541475,2236323698.9,60312,F1,1,,,,,
2026-07-13,2026-07-13,CM,NSE,STK,757336,INE0INX01018,AEGISVOPAK,EQ,,,,,AEGIS VOPAK TERMINALS LTD,280.92,311.49,272.15,303.3,302.9,283.18,,303.3,,,5506049,1658403419.68,70784,F1,1,,,,,
2026-07-13,2026-07-13,CM,NSE,STK,11699,INE244B01030,PATELENG,EQ,,,,,PATEL ENGINEERING LTD.,31.25,32.55,31.06,31.53,31.45,31.75,,31.51,,,5498914,174428207.73,14709,F1,1,,,,,
2026-07-13,2026-07-13,CM,NSE,STK,12026,INE087H01022,RENUKA,EQ,,,,,SHREE RENUKA SUGARS LTD,22.69,23.32,22.42,23.07,23.07,22.73,,23.07,,,5237377,120957060.11,9221,F1,1,,,,,
2026-07-13,2026-07-13,CM,NSE,STK,760234,INE947N01017,AEQUS,EQ,,,,,AEQUS LIMITED,248.5,251.19,243.66,244.69,245.0,248.78,,244.69,,,5223952,1287068233.82,42384,F1,1,,,,,
2026-07-13,2026-07-13,CM,NSE,STK,29135,INE121J01017,INDUSTOWER,EQ,,,,,INDUS TOWERS LIMITED,402.25,411.15,401.6,409.55,409.05,406.15,,409.55,,,5182694,2115858929.0,46226,F1,1,,,,,
2026-07-13,2026-07-13,CM,NSE,STK,11543,INE591G01025,COFORGE,EQ,,,,,COFORGE LIMITED,1494.1,1547.9,1470.0,1540.9,1543.9,1503.8,,1540.9,,,5132000,7809084577.6,154600,F1,1,,,,,
2026-07-13,2026-07-13,CM,NSE,STK,11223,INE691A01018,UCOBANK,EQ,,,,,UCO BANK,26.68,26.88,26.26,26.47,26.49,26.7,,26.47,,,5113047,135765969.18,13832,F1,1,,,,,
2026-07-13,2026-07-13,CM,NSE,STK,6364,INE139A01034,NATIONALUM,EQ,,,,,NATIONAL ALUMINIUM CO LTD,354.8,357.35,351.0,355.2,354.95,354.85,,355.2,,,5088219,1801329408.55,74920,F1,1,,,,,
2026-07-13,2026-07-13,CM,NSE,STK,6994,INE836A01035,BSOFT,EQ,,,,,BIRLASOFT LIMITED,285.5,304.6,285.15,299.3,299.8,290.15,,299.3,,,5011583,1496542906.8,77517,F1,1,,,,,
2026-07-13,2026-07-13,CM,NSE,STK,14299,INE134E01011,PFC,EQ,,,,,POWER FIN CORP LTD.,403.0,406.0,399.95,405.1,405.9,406.5,,405.1,,,4979432,2004370501.9,71421,F1,1,,,,,
2026-07-13,2026-07-13,CM,NSE,STK,14707,INE508G01029,TIMETECHNO,EQ,,,,,TIME TECHNOPLAST LTD.,183.4,188.4,181.31,187.1,186.0,184.35,,187.11,,,4896374,915202514.02,24597,F1,1,,,,,
2026-07-13,2026-07-13,CM,NSE,STK,30125,INE148I01020,SAMMAANCAP,EQ,,,,,SAMMAAN CAPITAL LIMITED,164.9,166.24,162.8,164.91,165.01,166.46,,164.91,,,4884710,804419982.27,20109,F1,1,,,,,
2026-07-13,2026-07-13,CM,NSE,STK,14450,INE069I01010,EMBDL,EQ,,,,,EMBASSY DEVELOPMENTS LTD,66.0,67.67,65.45,66.93,67.0,66.24,,66.93,,,4883538,326854284.44,19571,F1,1,,,,,
2026-07-13,2026-07-13,CM,NSE,STK,30108,INE647O01011,ABFRL,EQ,,,,,ADITYA BIRLA FASHION & RT,59.59,61.04,59.12,60.51,60.45,60.02,,60.51,,,4875749,294423855.09,19897,F1,1,,,,,
2026-07-13,2026-07-13,CM,NSE,STK,317,INE296A01032,BAJFINANCE,EQ,,,,,BAJAJ FINANCE LIMITED,1014.0,1028.0,1003.7,1022.6,1023.0,1020.5,,1022.6,,,4874070,4960912193.4,145609,F1,1,,,,,
2026-07-13,2026-07-13,CM,NSE,STK,17675,INE270A01029,ALOKINDS,EQ,,,,,ALOK INDUSTRIES LIMITED,12.55,12.89,12.44,12.79,12.79,12.58,,12.79,,,4831836,61675021.02,6867,F1,1,,,,,
2026-07-13,2026-07-13,CM,NSE,STK,13290,INE350H01032,BLKASHYAP,EQ,,,,,B.L.KASHYAP & SON LTD,56.3,60.65,56.0,59.46,59.12,55.26,,59.46,,,4796504,285320922.94,18516,F1,1,,,,,
2026-07-13,2026-07-13,CM,NSE,STK,20825,INE031A01017,HUDCO,EQ,,,,,HSG & URBAN DEV CORPN LTD,207.51,212.41,207.16,210.24,210.15,206.96,,210.24,,,4766154,1002102440.47,51762,F1,1,,,,,
2026-07-13,2026-07-13,CM,NSE,STK,750089,INE0JUI01012,HEXAGON,EQ,,,,,HEXAGON NUTRITION LIMITED,72.09,78.0,71.55,76.16,76.7,71.75,,76.24,,,4756376,359251268.7,25998,F1,1,,,,,
2026-07-13,2026-07-13,CM,NSE,STK,14111,INE870H01013,NETWORK18,EQ,,,,,NETWORK18 MEDIA & INV LTD,30.98,32.27,30.8,31.79,31.84,31.17,,31.79,,,4695754,149028587.2,11122,F1,1,,,,,
2026-07-13,2026-07-13,CM,NSE,STK,6705,INE982J01020,PAYTM,EQ,,,,,ONE 97 COMMUNICATIONS LTD,1332.0,1397.4,1328.5,1386.5,1386.0,1341.8,,1386.5,,,4677505,6400344760.0,98872,F1,1,,,,,
2026-07-13,2026-07-13,CM,NSE,STK,324,INE732I01021,ANGELONE,EQ,,,,,ANGEL ONE LIMITED,342.6,345.0,335.55,340.25,340.7,346.05,,340.25,,,4644480,1575071223.4,40259,F1,1,,,,,
2026-07-13,2026-07-13,CM,NSE,STK,1023,INE171A01029,FEDERALBNK,EQ,,,,,FEDERAL BANK LTD,328.5,336.5,327.3,332.5,333.0,329.85,,332.5,,,4617054,1539103100.9,57090,F1,1,,,,,
2026-07-13,2026-07-13,CM,NSE,STK,9348,INE565A01014,IOB,EQ,,,,,INDIAN OVERSEAS BANK,34.49,34.94,33.82,34.15,34.1,34.58,,34.15,,,4600184,158019231.9,14352,F1,1,,,,,
2026-07-13,2026-07-13,CM,NSE,STK,2331,INE854B01010,JAYNECOIND,EQ,,,,,JAYASWAL NECO INDUSTR LTD,91.4,95.99,89.41,93.93,93.99,91.48,,93.93,,,4599822,427967208.59,27998,F1,1,,,,,
2026-07-13,2026-07-13,CM,NSE,STK,18391,INE976G01028,RBLBANK,EQ,,,,,RBL BANK LIMITED,378.1,382.1,374.95,380.6,382.05,380.65,,380.6,,,4539241,1724912693.65,30079,F1,1,,,,,
2026-07-13,2026-07-13,CM,NSE,STK,3594,INE694A01020,UNITECH,EQ,,,,,UNITECH LTD,4.59,4.67,4.54,4.59,4.58,4.62,,4.59,,,4480177,20536760.54,2334,F1,1,,,,,
2026-07-13,2026-07-13,CM,NSE,STK,25270,INE377Y01014,BAJAJHFL,EQ,,,,,BAJAJ HOUSING FINANCE LTD,87.39,89.44,86.8,88.57,88.4,88.07,,88.57,,,4455191,394175678.93,29578,F1,1,,,,,
2026-07-13,2026-07-13,CM,NSE,STK,9552,INE415G01027,RVNL,EQ,,,,,RAIL VIKAS NIGAM LIMITED,230.41,231.87,228.65,231.54,231.5,232.67,,231.54,,,4443741,1024231459.93,31520,F1,1,,,,,
2026-07-13,2026-07-13,CM,NSE,STK,29204,INE0RYC01010,STALLION,EQ,,,,,STALLION IND FLUOROCHEM L,200.8,213.28,200.15,209.88,209.0,204.88,,209.88,,,4422397,923354617.33,45937,F1,1,,,,,
2026-07-13,2026-07-13,CM,NSE,STK,14334,INE019C01026,HSCL,EQ,,,,,HIMADRI SPECIALITY CHEM L,658.6,669.8,653.0,663.1,661.9,660.45,,663.1,,,4418989,2933637461.1,43500,F1,1,,,,,
2026-07-13,2026-07-13,CM,NSE,STK,24445,INE976R01033,AGIIL,EQ,,,,,AGI INFRA LIMITED,344.8,353.8,342.8,349.2,349.0,345.6,,349.2,,,4410989,1539392101.9,30111,F1,1,,,,,
2026-07-13,2026-07-13,CM,NSE,STK,6198,INE045J01034,FCL,EQ,,,,,FINEOTEX CHEMICAL LIMITED,36.5,36.68,36.01,36.18,36.39,36.99,,36.18,,,4399641,159551470.54,9470,F1,1,,,,,
2026-07-13,2026-07-13,CM,NSE,STK,21113,INE878K01010,BFINVEST,EQ,,,,,BF INVESTMENT LIMITED,496.0,584.7,493.9,535.25,525.0,487.25,,535.35,,,4370896,2385328316.25,97325,F1,1,,,,,
2026-07-13,2026-07-13,CM,NSE,STK,15119,INE532F01054,EDELWEISS,EQ,,,,,EDELWEISS FIN SERV LTD,118.94,124.34,117.81,123.93,123.55,120.14,,123.93,,,4353643,535176479.45,36118,F1,1,,,,,
2026-07-13,2026-07-13,CM,NSE,STK,19531,INE933K01021,BAJAJCON,EQ,,,,,BAJAJ CONSUMER CARE LTD,671.15,692.0,651.0,660.45,660.0,670.25,,660.45,,,4341997,2915304885.3,97234,F1,1,,,,,
2026-07-13,2026-07-13,CM,NSE,STK,913,INE063P01018,EQUITASBNK,EQ,,,,,EQUITAS SMALL FIN BNK LTD,82.0,83.47,81.13,83.07,83.38,82.24,,83.07,,,4328808,356685785.26,26304,F1,1,,,,,
2026-07-13,2026-07-13,CM,NSE,STK,1235,INE224A01026,GREAVESCOT,EQ,,,,,GREAVES COTTON LTD.,259.52,270.33,258.8,262.17,261.7,263.6,,262.16,,,4321691,1142217660.53,52505,F1,1,,,,,
2026-07-13,2026-07-13,CM,NSE,STK,14567,INE243D01012,BFUTILITIE,EQ,,,,,BF UTILITIES LIMITED,576.8,694.55,571.8,672.55,670.0,578.8,,672.5,,,4308780,2878835486.7,88451,F1,1,,,,,
2026-07-13,2026-07-13,CM,NSE,STK,20831,INE046W01019,MUTHOOTMF,EQ,,,,,MUTHOOT MICROFIN LIMITED,239.56,252.0,235.55,246.31,247.15,235.26,,246.32,,,4269106,1044890400.45,58721,F1,1,,,,,
2026-07-13,2026-07-13,CM,NSE,STK,25398,INE0QRL01017,ARKADE,EQ,,,,,ARKADE DEVELOPERS LIMITED,133.1,142.0,132.56,140.85,141.2,132.56,,140.86,,,4253544,584649797.87,22784,F1,1,,,,,
2026-07-13,2026-07-13,CM,NSE,STK,11253,INE192B01031,WELSPUNLIV,EQ,,,,,WELSPUN LIVING LIMITED,165.0,174.97,163.47,174.14,174.0,166.17,,174.14,,,4165421,716957652.99,36970,F1,1,,,,,
2026-07-13,2026-07-13,CM,NSE,STK,7227,INE0BV301023,MAPMYINDIA,EQ,,,,,C.E. INFO SYSTEMS LIMITED,1068.1,1218.0,1062.5,1184.9,1183.0,1083.35,,1184.9,,,4147031,4844538304.9,160760,F1,1,,,,,
2026-07-13,2026-07-13,CM,NSE,STK,17094,INE299U01018,CROMPTON,EQ,,,,,CROMPT GREA CON ELEC LTD,261.75,263.0,259.0,261.8,262.0,261.7,,261.8,,,4132466,1081532939.35,36667,F1,1,,,,,
2026-07-13,2026-07-13,CM,NSE,STK,1363,INE038A01020,HINDALCO,EQ,,,,,HINDALCO  INDUSTRIES  LTD,963.1,971.7,956.45,966.85,965.05,967.45,,966.85,,,4070887,3920041099.55,149429,F1,1,,,,,
2026-07-13,2026-07-13,CM,NSE,STK,14309,INE562A01011,INDIANB,EQ,,,,,INDIAN BANK,868.0,871.5,839.35,842.55,842.75,870.7,,842.55,,,4055265,3451412389.3,76268,F1,1,,,,,
2026-07-13,2026-07-13,CM,NSE,STK,1530,INE323C01030,INDIANHUME,EQ,,,,,INDIAN HUME PIPE CO. LTD.,365.3,421.75,359.0,411.55,409.8,367.05,,411.65,,,4001020,1626453691.2,80943,F1,1,,,,,
2026-07-13,2026-07-13,CM,NSE,STK,8962,INE626Z01029,HARDWYN,EQ,,,,,HARDWYN INDIA LIMITED,24.6,25.14,23.99,24.12,24.02,24.72,,24.12,,,3982168,97134268.18,3956,F1,1,,,,,
2026-07-13,2026-07-13,CM,NSE,STK,758973,INE01R501028,VIKRAN,EQ,,,,,VIKRAN ENGINEERING LTD,73.69,76.99,73.11,75.09,75.0,74.34,,75.09,,,3978888,299790638.19,13904,F1,1,,,,,
2026-07-13,2026-07-13,CM,NSE,STK,8833,INE425B01027,BCG,EQ,,,,,BRIGHTCOM GROUP LIMITED,9.5,9.87,9.4,9.8,9.84,9.52,,9.8,,,3926075,37867234.8,3769,F1,1,,,,,
2026-07-13,2026-07-13,CM,NSE,STK,17376,INE688J01023,LANDSMILL,EQ,,,,,LANDSMILL GREEN LIMITED,0.77,0.78,0.74,0.75,0.76,0.78,,0.75,,,3909134,2952953.76,1218,F1,1,,,,,
2026-07-13,2026-07-13,CM,NSE,STK,11571,INE0DK501011,PPLPHARMA,EQ,,,,,PIRAMAL PHARMA LIMITED,176.4,177.2,172.6,173.63,173.75,177.16,,173.64,,,3905315,679996747.26,42175,F1,1,,,,,
2026-07-13,2026-07-13,CM,NSE,STK,1512,INE053A01029,INDHOTEL,EQ,,,,,THE INDIAN HOTELS CO. LTD,748.25,750.9,736.35,738.55,738.85,752.3,,738.55,,,3853243,2859758316.8,83866,F1,1,,,,,
2026-07-13,2026-07-13,CM,NSE,STK,15355,INE020B01018,RECLTD,EQ,,,,,REC LIMITED,349.1,352.6,347.3,351.05,351.0,351.95,,351.05,,,3848578,1346491459.5,37162,F1,1,,,,,
2026-07-13,2026-07-13,CM,NSE,STK,21174,INE736A01011,CDSL,EQ,,,,,CENTRAL DEPO SER (I) LTD,1422.0,1453.1,1415.6,1444.5,1444.8,1431.9,,1444.5,,,3777293,5432463660.9,99803,F1,1,,,,,
2026-07-13,2026-07-13,CM,NSE,STK,20261,INE202E01016,IREDA,EQ,,,,,INDIAN RENEWABLE ENERGY,124.25,125.4,123.5,124.81,124.95,126.4,,124.81,,,3752022,467529313.97,22367,F1,1,,,,,
2026-07-13,2026-07-13,CM,NSE,STK,21362,INE170V01027,SALASAR,EQ,,,,,SALASAR TECHNO ENGG. LTD.,6.15,6.25,6.08,6.14,6.14,6.18,,6.14,,,3733002,22989054.38,3070,F1,1,,,,,
2026-07-13,2026-07-13,CM,NSE,STK,25358,INE457L01029,PGEL,EQ,,,,,PG ELECTROPLAST LTD,576.0,607.85,573.0,595.85,597.0,583.15,,595.85,,,3692062,2190124438.55,52076,F1,1,,,,,
2026-07-13,2026-07-13,CM,NSE,STK,1336,INE545A01024,HEG,EQ,,,,,HEG LTD,541.0,577.5,538.0,575.4,577.0,545.05,,575.4,,,3683927,2085278956.05,61656,F1,1,,,,,
2026-07-13,2026-07-13,CM,NSE,STK,5900,INE238A01034,AXISBANK,EQ,,,,,AXIS BANK LIMITED,1315.9,1329.9,1313.5,1319.4,1321.2,1323.7,,1319.4,,,3674483,4853512623.0,167092,F1,1,,,,,
2026-07-13,2026-07-13,CM,NSE,STK,9741,INE088F01024,PARADEEP,EQ,,,,,PARADEEP PHOSPHATES LTD,140.5,144.07,138.96,143.38,143.85,141.81,,143.39,,,3633910,517119234.86,24689,F1,1,,,,,
2026-07-13,2026-07-13,CM,NSE,STK,757645,INE0LEZ01016,ATHERENERG,EQ,,,,,ATHER ENERGY LIMITED,1225.8,1253.6,1161.3,1184.6,1192.0,1225.8,,1184.3,,,3601828,4375635541.7,103254,F1,1,,,,,
2026-07-13,2026-07-13,CM,NSE,STK,17438,INE274J01014,OIL,EQ,,,,,OIL INDIA LTD,428.45,432.2,422.35,431.05,431.3,424.95,,431.05,,,3599534,1540344664.6,38968,F1,1,,,,,
2026-07-13,2026-07-13,CM,NSE,STK,18543,INE989C01038,DIACABS,EQ,,,,,DIAMOND POWER INFRA LTD,228.99,230.63,224.5,227.46,227.2,229.01,,227.45,,,3559664,808802590.62,30306,F1,1,,,,,
2026-07-13,2026-07-13,CM,NSE,STK,22433,INF179KC1HY0,HDFCNIFBAN,EQ,,,,,HDFCAMC - HDFCNIFBAN,59.04,59.83,59.02,59.72,59.73,59.66,,59.72,,,3467401,206728374.33,786,F1,1,,,,,
2026-07-13,2026-07-13,CM,NSE,STK,220,INE022Q01020,IEX,EQ,,,,,INDIAN ENERGY EXC LTD,118.99,118.99,117.9,118.8,118.93,119.64,,118.8,,,3457138,409381753.07,25162,F1,1,,,,,
2026-07-13,2026-07-13,CM,NSE,STK,4184,INE495C01010,SANGAMIND,EQ,,,,,SANGAM (INDIA) LTD,559.0,641.0,554.0,622.55,627.0,558.75,,622.5,,,3455676,2143651144.2,95608,F1,1,,,,,
2026-07-13,2026-07-13,CM,NSE,STK,15209,INE095I01015,PPAP,EQ,,,,,PPAP AUTOMOTIVE LIMITED,323.5,379.5,320.01,372.14,369.2,323.37,,372.15,,,3404728,1214044904.59,77013,F1,1,,,,,
2026-07-13,2026-07-13,CM,NSE,STK,18154,INE982F01036,HATHWAY,EQ,,,,,HATHWAY CABLE & DATACOM,10.91,11.43,10.8,11.24,11.3,11.03,,11.26,,,3345998,37554355.95,4628,F1,1,,,,,
2026-07-13,2026-07-13,CM,NSE,STK,1630,INE570A01022,IONEXCHANG,EQ,,,,,ION EXCHANGE (INDIA) LTD,469.4,486.0,448.55,451.7,450.0,468.3,,451.75,,,3306583,1532127284.65,76739,F1,1,,,,,
2026-07-13,2026-07-13,CM,NSE,STK,4717,INE129A01019,GAIL,EQ,,,,,GAIL (INDIA) LTD,172.84,173.4,170.53,173.12,173.0,173.73,,173.12,,,3261762,561718362.96,28991,F1,1,,,,,
2026-07-13,2026-07-13,CM,NSE,STK,2987,INE418L01047,NAZARA,EQ,,,,,NAZARA TECHNOLOGIES LTD,304.0,312.9,303.15,307.3,307.35,304.3,,307.3,,,3229735,994652538.45,36653,F1,1,,,,,
2026-07-13,2026-07-13,CM,NSE,STK,4306,INE721A01047,SHRIRAMFIN,EQ,,,,,SHRIRAM FINANCE LIMITED,1019.9,1053.1,1017.0,1048.1,1048.9,1044.1,,1048.1,,,3212203,3349336454.1,75907,F1,1,,,,,
2026-07-13,2026-07-13,CM,NSE,STK,3426,INE245A01021,TATAPOWER,EQ,,,,,TATA POWER CO LTD,379.7,379.85,375.4,377.85,378.3,381.3,,377.85,,,3204238,1210416998.55,64185,F1,1,,,,,
2026-07-13,2026-07-13,CM,NSE,STK,21794,INE179G01029,DAVANGERE,EQ,,,,,DAVANGERE SUGAR COMPANY L,3.52,3.53,3.47,3.49,3.5,3.5,,3.49,,,3200051,11186144.86,1984,F1,1,,,,,
2026-07-13,2026-07-13,CM,NSE,STK,676,INE302A01020,EXIDEIND,EQ,,,,,EXIDE INDUSTRIES LTD,421.95,424.6,416.0,423.4,422.0,424.4,,423.4,,,3195587,1345070050.7,39668,F1,1,,,,,
2026-07-13,2026-07-13,CM,NSE,STK,9685,INE064C01022,TRIDENT,EQ,,,,,TRIDENT LIMITED,25.3,25.9,25.12,25.74,25.9,25.49,,25.74,,,3192792,81878054.93,10965,F1,1,,,,,
2026-07-13,2026-07-13,CM,NSE,STK,13501,INE418H01029,ALLCARGO,EQ,,,,,ALLCARGO LOGISTICS LTD,7.94,8.24,7.86,8.15,8.13,7.98,,8.15,,,3160274,25430595.51,4985,F1,1,,,,,
2026-07-13,2026-07-13,CM,NSE,STK,759342,INE0S3G01027,PACEDIGITK,EQ,,,,,PACE DIGITEK LIMITED,215.81,219.94,211.01,212.24,211.95,216.2,,212.24,,,3156551,680674343.96,27693,F1,1,,,,,
2026-07-13,2026-07-13,CM,NSE,STK,20413,INE485C01029,IOLCP,EQ,,,,,IOL CHEM AND PHARMA LTD,170.0,172.9,167.2,169.09,168.0,171.06,,169.12,,,3126211,530465913.64,26492,F1,1,,,,,
2026-07-13,2026-07-13,CM,NSE,STK,23365,INE416A01051,AQYLON,EQ,,,,,AQYLON NEXUS LIMITED,39.83,41.08,37.92,39.35,39.41,39.13,,39.35,,,3110524,124010029.17,9130,F1,1,,,,,
2026-07-13,2026-07-13,CM,NSE,STK,4749,INE111A01025,CONCOR,EQ,,,,,CONTAINER CORP OF IND LTD,460.9,470.4,456.2,463.95,469.35,463.75,,464.0,,,3105163,1427588225.8,32678,F1,1,,,,,
2026-07-13,2026-07-13,CM,NSE,STK,13511,INE672B01032,MUNJALAU,EQ,,,,,MUNJAL AUTO IND. LTD.,100.5,109.3,99.01,105.69,104.94,101.33,,105.68,,,3089552,327860063.96,29863,F1,1,,,,,
2026-07-13,2026-07-13,CM,NSE,STK,14255,INE891D01026,REDINGTON,EQ,,,,,REDINGTON LIMITED,278.0,287.0,275.1,283.3,283.9,280.4,,283.3,,,3032758,856203855.25,42710,F1,1,,,,,
2026-07-13,2026-07-13,CM,NSE,STK,758460,INE718I01012,JSWCEMENT,EQ,,,,,JSW CEMENT LIMITED,137.85,139.65,136.95,138.29,137.99,138.22,,138.29,,,3029827,419079255.38,15516,F1,1,,,,,
2026-07-13,2026-07-13,CM,NSE,STK,8585,INE589A01014,NLCINDIA,EQ,,,,,NLC INDIA LIMITED,310.0,311.7,303.5,304.65,304.6,314.9,,304.65,,,2995484,917136712.75,39442,F1,1,,,,,
2026-07-13,2026-07-13,CM,NSE,STK,11868,INE111B01023,63MOONS,EQ,,,,,63 MOONS TECHNOLOGIES LTD,692.7,777.8,692.7,734.2,731.6,678.6,,734.2,,,2952586,2222049738.15,82667,F1,1,,,,,
2026-07-13,2026-07-13,CM,NSE,STK,28662,INE284H01025,DAMCAPITAL,EQ,,,,,DAM CAPITAL ADVISORS LTD,152.99,168.0,151.15,161.97,162.5,153.41,,161.95,,,2927827,478259987.68,34417,F1,1,,,,,
2026-07-13,2026-07-13,CM,NSE,STK,29459,INE935B01025,MOSCHIP,EQ,,,,,MOSCHIP TECHNOLOGIES LTD,234.6,239.04,231.49,232.83,233.3,236.82,,232.83,,,2898405,679695021.87,27925,F1,1,,,,,
2026-07-13,2026-07-13,CM,NSE,STK,13637,INE780C01023,JMFINANCIL,EQ,,,,,JM FINANCIAL LIMITED,124.4,128.5,122.67,127.26,127.2,124.61,,127.26,,,2879925,365982866.48,29998,F1,1,,,,,
2026-07-13,2026-07-13,CM,NSE,STK,3563,INE364U01010,ADANIGREEN,EQ,,,,,ADANI GREEN ENERGY LTD,1525.4,1575.4,1523.0,1546.5,1545.0,1536.6,,1546.4,,,2868246,4466033606.0,71238,F1,1,,,,,
2026-07-13,2026-07-13,CM,NSE,STK,27047,INE677D01037,MASTERTR,EQ,,,,,MASTER TRUST LIMITED,90.31,95.65,90.31,91.82,91.7,93.21,,91.82,,,2853385,264704478.2,17587,F1,1,,,,,
2026-07-13,2026-07-13,CM,NSE,STK,419,INE922A01025,BEPL,EQ,,,,,BHANSALI ENG. POLYMERS LT,102.0,109.45,102.0,108.1,107.61,103.14,,108.02,,,2842239,305371747.95,22680,F1,1,,,,,
2026-07-13,2026-07-13,CM,NSE,STK,760,INE067A01029,CGPOWER,EQ,,,,,CG POWER AND IND SOL LTD,912.0,912.0,895.6,905.5,908.0,916.6,,905.5,,,2819640,2550858967.65,99789,F1,1,,,,,
2026-07-13,2026-07-13,CM,NSE,STK,20322,INE007N01010,FEDFINA,EQ,,,,,FEDBANK FINANCIAL SER L,158.51,163.89,155.62,157.25,157.7,159.34,,157.25,,,2795517,445287230.84,25783,F1,1,,,,,
2026-07-13,2026-07-13,CM,NSE,STK,763294,INE12F801023,KISSHT,EQ,,,,,ONEMI TECHNOLOGY SOL LTD,319.5,329.8,318.15,324.85,325.0,320.8,,324.85,,,2789052,905744596.85,34143,F1,1,,,,,
2026-07-13,2026-07-13,CM,NSE,STK,17888,INE224E01028,GATECH,EQ,,,,,GACM TECHNOLOGIES LIMITED,0.48,0.49,0.47,0.48,0.48,0.48,,0.48,,,2747302,1326959.88,924,F1,1,,,,,
2026-07-13,2026-07-13,CM,NSE,STK,8110,INE699H01024,AWL,EQ,,,,,AWL AGRI BUSINESS LIMITED,188.01,191.5,187.02,189.38,189.0,190.0,,189.38,,,2744960,521206137.85,29509,F1,1,,,,,
2026-07-13,2026-07-13,CM,NSE,STK,20329,INE180C01042,CGCL,EQ,,,,,CAPRI GLOBAL CAPITAL LTD,252.2,260.96,251.26,256.65,256.5,252.22,,256.65,,,2720086,699202243.67,31409,F1,1,,,,,
2026-07-13,2026-07-13,CM,NSE,STK,341,INE119A01028,BALRAMCHIN,EQ,,,,,BALRAMPUR CHINI MILLS LTD,568.0,604.9,566.2,584.85,583.0,566.9,,584.85,,,2714237,1598787434.85,63549,F1,1,,,,,
2026-07-13,2026-07-13,CM,NSE,STK,18608,INE07K301024,ZAGGLE,EQ,,,,,ZAGGLE PREPA OCEAN SER L,205.2,222.18,205.0,217.8,217.88,207.79,,217.8,,,2712123,589809182.94,31873,F1,1,,,,,
2026-07-13,2026-07-13,CM,NSE,STK,25835,INE498Q01014,VINCOFE,EQ,,,,,VINTAGE COFFEE N BVRGS L,159.3,168.0,158.45,165.41,165.85,161.55,,165.41,,,2694061,444631588.6,20150,F1,1,,,,,
2026-07-13,2026-07-13,CM,NSE,STK,30290,INF200KB1712,SBIBPB,EQ,,,,,SBIAMC - SBIBPB,47.68,49.24,47.68,48.99,48.86,48.91,,48.99,,,2666316,130334290.52,645,F1,1,,,,,
2026-07-13,2026-07-13,CM,NSE,STK,758700,INE784R01023,ARFIN,EQ,,,,,ARFIN INDIA LIMITED,88.65,89.65,86.25,87.15,87.69,89.65,,87.16,,,2640665,233931680.99,7303,F1,1,,,,,
2026-07-13,2026-07-13,CM,NSE,STK,13620,INE242C01024,ANANTRAJ,EQ,,,,,ANANT RAJ LIMITED,580.0,591.25,572.0,589.15,588.95,585.85,,589.15,,,2623045,1525664707.8,42437,F1,1,,,,,
2026-07-13,2026-07-13,CM,NSE,STK,20425,INE295D01020,NACLIND,EQ,,,,,NACL INDUSTRIES LIMITED,238.4,245.0,235.5,243.02,242.0,234.56,,243.08,,,2603406,627700537.94,43829,F1,1,,,,,
2026-07-13,2026-07-13,CM,NSE,STK,5851,INF174KA1ZB7,BANKNIFTY1,EQ,,,,,KOTAKMAMC-KOTAKBKETF,61.34,61.34,59.65,60.25,60.15,60.15,,60.25,,,2601742,156465876.91,1199,F1,1,,,,,
2026-07-13,2026-07-13,CM,NSE,STK,20296,INE482J01021,SHAH,EQ,,,,,SHAH METACORP LIMITED,4.68,4.71,4.64,4.64,4.65,4.65,,4.64,,,2582702,12015468.41,716,F1,1,,,,,
2026-07-13,2026-07-13,CM,NSE,STK,27176,INE0ONG01011,NTPCGREEN,EQ,,,,,NTPC GREEN ENERGY LIMITED,93.6,95.19,92.8,94.55,94.42,94.1,,94.55,,,2582187,243993385.83,21714,F1,1,,,,,
2026-07-13,2026-07-13,CM,NSE,STK,20293,INE142M01025,TATATECH,EQ,,,,,TATA TECHNOLOGIES LIMITED,710.05,765.0,709.0,760.8,762.25,718.55,,760.8,,,2575535,1935402557.25,64662,F1,1,,,,,
2026-07-13,2026-07-13,CM,NSE,STK,1802,INE197A01024,JYOTISTRUC,EQ,,,,,JYOTI STRUCTURES LTD,11.69,11.69,11.4,11.45,11.51,11.71,,11.45,,,2559901,29531910.53,3017,F1,1,,,,,
2026-07-13,2026-07-13,CM,NSE,STK,13430,INE164B01030,KELLTONTEC,EQ,,,,,KELLTON TECH SOL LTD,15.4,15.76,15.1,15.45,15.54,15.36,,15.45,,,2541085,39097964.55,5225,F1,1,,,,,
2026-07-13,2026-07-13,CM,NSE,STK,9931,INE161L01027,VIKASLIFE,EQ,,,,,VIKAS LIFECARE LIMITED,1.37,1.41,1.36,1.4,1.41,1.39,,1.4,,,2536633,3525275.63,8627,F1,1,,,,,
2026-07-13,2026-07-13,CM,NSE,STK,1838,INE036D01028,KARURVYSYA,EQ,,,,,KARUR VYSYA BANK LTD,305.0,312.0,301.1,308.4,307.5,305.65,,308.4,,,2533423,783128398.75,48016,F1,1,,,,,
2026-07-13,2026-07-13,CM,NSE,STK,104,INE932X01026,SHAREINDIA,EQ,,,,,SHARE IND. SECURITIES LTD,179.0,183.99,176.42,179.04,178.29,179.34,,179.04,,,2527283,454424712.7,17616,F1,1,,,,,
2026-07-13,2026-07-13,CM,NSE,STK,759062,INE0KKN01029,RHETAN,EQ,,,,,RHETAN TMT LIMITED,27.0,27.06,26.21,26.58,26.51,26.68,,26.58,,,2493347,67056077.6,2594,F1,1,,,,,
2026-07-13,2026-07-13,CM,NSE,STK,19061,INE522D01027,MANAPPURAM,EQ,,,,,MANAPPURAM FINANCE LTD,335.0,338.7,330.05,331.75,331.0,341.3,,331.75,,,2481606,828266378.8,30602,F1,1,,,,,
2026-07-13,2026-07-13,CM,NSE,STK,9599,INE148O01028,DELHIVERY,EQ,,,,,DELHIVERY LIMITED,520.0,520.0,509.15,512.3,513.2,520.3,,512.3,,,2476391,1272039578.55,42898,F1,1,,,,,
2026-07-13,2026-07-13,CM,NSE,STK,759169,INE0JYY01029,MWL,EQ,,,,,MANGALAM WORLDWIDE LTD,37.85,39.3,36.4,37.05,36.9,36.65,,37.05,,,2442926,91922887.25,6185,F1,1,,,,,
2026-07-13,2026-07-13,CM,NSE,STK,881,INE089A01031,DRREDDY,EQ,,,,,DR. REDDY S LABORATORIES,1244.3,1249.1,1226.3,1234.5,1236.0,1244.3,,1234.5,,,2437935,3008461064.2,68741,F1,1,,,,,
2026-07-13,2026-07-13,CM,NSE,STK,2649,INE602A01031,PCBL,EQ,,,,,PCBL CHEMICAL LIMITED,306.9,327.6,304.5,323.55,324.2,309.55,,323.55,,,2374702,763913837.4,33776,F1,1,,,,,
2026-07-13,2026-07-13,CM,NSE,STK,7851,INE246B01019,RAMCOSYS,EQ,,,,,RAMCO SYSTEMS LTD.,806.05,886.15,806.05,886.15,886.15,805.6,,886.15,,,2369609,2042267980.4,52019,F1,1,,,,,
2026-07-13,2026-07-13,CM,NSE,STK,1494,INE07T201019,RBA,EQ,,,,,RESTAURANT BRAND ASIA LTD,73.29,73.77,72.2,72.57,72.66,73.52,,72.57,,,2357350,171952573.83,24850,F1,1,,,,,
2026-07-13,2026-07-13,CM,NSE,STK,19585,INE118H01025,BSE,EQ,,,,,BSE LIMITED,3778.0,3834.4,3765.0,3804.2,3802.0,3811.6,,3804.2,,,2327631,8839594397.8,104333,F1,1,,,,,
2026-07-13,2026-07-13,CM,NSE,STK,7413,INE830Q01018,MANAKCOAT,EQ,,,,,MAN COAT METAL & IND LTD,124.9,128.99,123.25,126.26,127.24,123.02,,126.26,,,2327580,293243810.52,15950,F1,1,,,,,
