Date,Symbol,Company,Open,High,Low,Close,PrevClose,Volume,TradedValue,Trades
19-06-2026,IDEA,VODAFONE IDEA LIMITED,14.98,15.16,14.83,14.92,15.01,416172167,6234340299,424199
19-06-2026,IFCI,IFCI LTD,82.8,87.98,82.7,85.73,82.31,205777880,17731354820,410809
19-06-2026,TATSILV,TATAAML-TATSILV,23,23,21.91,22.48,23.34,168073739,3734852071,142971
19-06-2026,SUZLON,SUZLON ENERGY LIMITED,58.44,60.45,58.21,59.2,58.44,139917727,8313256745,170434
19-06-2026,YESBANK,YES BANK LIMITED,25.43,25.6,25.25,25.41,25.48,132491220,3370437420,97401
19-06-2026,NIACL,THE NEW INDIA ASSU CO LTD,180,206.6,179.41,202.31,178.67,119622490,23663833657,569236
19-06-2026,OLAELEC,OLA ELECTRIC MOBILITY LTD,42.03,42.9,41.05,42.25,42.27,109127303,4573972915,154011
19-06-2026,GROWW,BILLIONBRAINS GARAGE VN L,201.1,202.84,197.65,199.87,200.54,92308697,18462554796,170886
19-06-2026,RBA,RESTAURANT BRAND ASIA LTD,69.89,78.8,69.3,73.67,69.69,77847711,5737003536,164772
19-06-2026,ZEEL,ZEE ENTERTAINMENT ENT LTD,112,117.79,110.66,113.36,111.78,75042015,8642353973,206739
19-06-2026,MEESHO,MEESHO LIMITED,170.72,179.3,165.05,173.56,170.72,71815467,12291317628,285124
19-06-2026,BHARATCOAL,BHARAT COKING COAL LTD,42.47,43.76,41.85,42.37,42.55,71566271,3059078606,103692
19-06-2026,MCLOUD,MAGELLANIC CLOUD LIMITED,32.29,34.29,28.61,29.24,31.53,61411454,1956581738,109912
19-06-2026,SBC,SBC EXPORTS LIMITED,40.3,45,40.1,43.59,39.88,59439267,2565153968,92271
19-06-2026,HCC,HINDUSTAN CONSTRUCTION CO,27.34,27.68,26.71,27.02,27.35,57016131,1548919507,49127
19-06-2026,GTLINFRA,GTL INFRA.LTD,1.53,1.56,1.51,1.52,1.53,56527766,86245038.11,21940
19-06-2026,PINELABS,PINE LABS LIMITED,149.5,156,149.2,152.31,149.83,51017033,7814890016,143566
19-06-2026,TATACAP,TATA CAPITAL LIMITED,345.5,379.95,342.6,366.8,345.45,47899182,17511403599,155413
19-06-2026,ADANIPOWER,ADANI POWER LTD,231.71,234.23,227.81,231.76,230.57,46115820,10687992896,151599
19-06-2026,INFY,INFOSYS LIMITED,1062.3,1066,1030,1051.4,1127.5,45665442,47666665586,765616
19-06-2026,MOTISONS,MOTISONS JEWELLERS LTD,14.16,14.8,13.9,14.33,14.16,45375413,650877044,38604
19-06-2026,JPPOWER,JAIPRAKASH POWER VEN. LTD,18.07,18.2,17.93,18.06,18.16,44890371,810855487.8,30109
19-06-2026,PCJEWELLER,PC JEWELLER LTD,8.93,8.99,8.84,8.91,8.93,44829041,399385718.1,18298
19-06-2026,TARIL,TRANS & RECTI. LTD,326.7,372,325,357.55,324.85,41817664,14993050568,388199
19-06-2026,LLOYDSENGG,LLOYDS ENGG WORK LIMITED,84.5,87.4,81.29,86.84,84.76,41805397,3548473146,113530
19-06-2026,WIPRO,WIPRO LTD,176.76,181.48,174.89,180.8,182.84,37469436,6671799707,194008
19-06-2026,LENSKART,LENSKART SOLUTIONS LTD,505.05,521.6,502.25,511.95,505.05,36824632,18841552422,109443
19-06-2026,SEPC,SEPC LIMITED,7.19,7.55,7.06,7.47,7.19,36529793,269696197.3,18310
19-06-2026,ALLCARGO,ALLCARGO LOGISTICS LTD,9.1,9.24,8.2,8.67,9.1,35408497,308137600.6,17841
19-06-2026,RPOWER,RELIANCE POWER LTD.,26.6,26.85,26.02,26.1,26.66,33990385,895596110.4,42799
19-06-2026,HDFCBANK,HDFC BANK LTD,788.7,789.05,776.2,779.8,799,33798761,26389948086,342920
19-06-2026,HATHWAY,HATHWAY CABLE & DATACOM,11.87,12.89,11.6,12.18,11.6,32958142,408288732.6,36741
19-06-2026,CUPID,CUPID LIMITED,170.25,177,170.25,176.92,169.19,32137212,5652842289,99108
19-06-2026,TATASTEEL,TATA STEEL LIMITED,199.25,199.36,196.5,198.96,200.52,31571461,6264898193,207938
19-06-2026,ETERNAL,ETERNAL LIMITED,257,264.9,254.55,264.3,258.55,29061365,7601422864,125779
19-06-2026,AEQUS,AEQUS LIMITED,205.2,225.45,196.33,222.13,203.07,26291352,5613895588,253445
19-06-2026,HFCL,HFCL LIMITED,206.99,209.61,204.01,209.61,199.63,26062936,5450164174,35746
19-06-2026,SAMMAANCAP,SAMMAAN CAPITAL LIMITED,174.13,178.5,171.9,174.6,174.4,24969139,4369511041,57875
19-06-2026,RELIANCE,RELIANCE INDUSTRIES LTD,1328,1338.2,1305.3,1309.5,1328.1,24887034,32795056305,271929
19-06-2026,CCAVENUE,AVENUESAI LIMITED,15,15.45,14.76,15.07,15.01,24579401,370682785.1,28438
19-06-2026,GMRAIRPORT,GMR AIRPORTS LIMITED,110.32,110.32,108.21,108.83,110.55,23639680,2576558289,44804
19-06-2026,SAGILITY,SAGILITY LIMITED,39.5,39.99,38.52,39.49,39.83,23225441,910841092.9,45626
19-06-2026,IDBI,IDBI BANK LIMITED,84.65,85.2,82.57,82.98,84.62,22635586,1894810972,71363
19-06-2026,REDINGTON,REDINGTON LIMITED,270,290.46,268.54,280.76,271.95,22331777,6308532654,226899
19-06-2026,JIOFIN,JIO FIN SERVICES LTD,244,246.85,242.03,244.45,244.1,22160659,5422640002,101741
19-06-2026,BHEL,BHEL,405.9,423.7,403.85,414.35,405.9,22020572,9137222677,151756
19-06-2026,ITCHOTELS,ITC HOTELS LIMITED,160.5,174.8,159.99,170.92,161.13,21936839,3706904192,142634
19-06-2026,NBCC,NBCC (INDIA) LIMITED,109.8,113.37,109.01,111.45,110.15,21519579,2403521906,79695
19-06-2026,NMDC,NMDC LTD.,88.5,89.25,88.08,88.42,88.53,20685578,1833513275,53170
19-06-2026,ESAFSFB,ESAF SMALL FINANCE BANK L,32.5,36.7,31.76,36.33,32.02,20668329,734396563.3,53043
19-06-2026,PWL,PHYSICSWALLAH LIMITED,114.25,123.5,112.98,122.61,115.02,20593842,2479542428,78478
19-06-2026,MOTHERSON,SAMVRDHNA MTHRSN INTL LTD,144.5,146.05,143.02,145.54,144.68,20254043,2938013641,55004
19-06-2026,SAIL,STEEL AUTHORITY OF INDIA,181.4,183.86,178.33,180.05,182.16,20204155,3649696650,86006
19-06-2026,PARAS,PARAS DEF AND SPCE TECH L,1305,1443,1299,1408.65,1310.3,19692749,27447207071,464110
19-06-2026,RAMASTEEL,RAMA STEEL TUBES LIMITED,5.04,5.05,4.89,4.9,5.04,19014435,94023135.64,8857
19-06-2026,VMM,VISHAL MEGA MART LIMITED,117.87,119.25,116.72,118.66,117.87,18912604,2239682569,45510
19-06-2026,INOXWIND,INOX WIND LIMITED,89.01,92.25,88.2,90.72,89.33,18771345,1696550827,50428
19-06-2026,CENTRALBK,CENTRAL BANK OF INDIA,33.18,33.31,32.45,32.84,33.1,17618631,578771628.4,28535
19-06-2026,BAJAJHFL,BAJAJ HOUSING FINANCE LTD,85.75,88.98,85.12,88.36,85.87,17570172,1546483340,70555
19-06-2026,JTLIND,JTL INDUSTRIES LIMITED,74,82.34,71.16,79.23,75.28,17539224,1367533179,70190
19-06-2026,KOTAKBANK,KOTAK MAHINDRA BANK LTD,402.5,403.55,398,399.25,402.95,17504009,6996811407,144218
19-06-2026,NTPC,NTPC LTD,361.95,368,359.95,365.8,361.95,17465450,6390314709,103032
19-06-2026,RHETAN,RHETAN TMT LIMITED,28.26,30.04,27.76,29.46,28.1,17414651,506764522.8,11900
19-06-2026,TEJASNET,TEJAS NETWORKS LIMITED,598.05,644.75,596,632.35,600.15,17342068,10863852156,224813
19-06-2026,PATELENG,PATEL ENGINEERING LTD.,30.01,31.72,29.61,31.02,30.01,17055822,530611447.7,30943
19-06-2026,IDFCFIRSTB,IDFC FIRST BANK LIMITED,77.93,78.93,77.54,78.68,78.09,17050266,1336666032,54525
19-06-2026,AURIGROW,AURI GROW INDIA LIMITED,0.34,0.35,0.33,0.34,0.34,16704141,5729570.92,1123
19-06-2026,CANBK,CANARA BANK,134.95,134.95,133.1,133.74,134.97,16485585,2207205661,57981
19-06-2026,BHARTIARTL,BHARTI AIRTEL LIMITED,1874.3,1917.5,1867.2,1910.8,1874.8,15918432,30336272703,156746
19-06-2026,ASHOKLEY,ASHOK LEYLAND LTD,157.89,158.18,155.53,156.66,158.45,15870225,2488186243,68616
19-06-2026,IOC,INDIAN OIL CORP LTD,144.98,145.74,142.67,143.43,146.11,15764700,2264548906,97376
19-06-2026,JINDWORLD,JINDAL WORLDWIDE LTD,30.71,33.99,30.67,32.44,30.39,15617349,508625614,62402
19-06-2026,VIKRAMSOLR,VIKRAM SOLAR LIMITED,209.95,214.2,195.4,200.42,209.95,15078336,3070525953,120605
19-06-2026,VEDL,VEDANTA LIMITED,302.4,304.9,299.5,300.8,306,15040336,4528332077,127939
19-06-2026,MAHABANK,BANK OF MAHARASHTRA,89.4,90.5,88.9,90.19,89.5,14248205,1279546338,48773
19-06-2026,SOUTHBANK,THE SOUTH INDIAN BANK LTD,48.5,49.15,48.05,48.46,48.49,14135084,686188995.2,36042
19-06-2026,KWIL,KWALITY WALL'S (INDIA) L,36.59,37.5,35.55,35.95,36.65,13971598,510645377.4,24805
19-06-2026,ITC,ITC LTD,289.8,294.55,288.4,292.5,291.15,13874008,4036648451,254060
19-06-2026,HSCL,HIMADRI SPECIALITY CHEM L,689,699.95,665.6,671.05,690.3,13846530,9493090926,103572
19-06-2026,UTKARSHBNK,UTKARSH SMALL FIN BANK L,15.19,15.3,14.67,14.79,15.02,13778301,206893127.2,16350
19-06-2026,PNB,PUNJAB NATIONAL BANK,109,109.48,108.3,108.77,109.58,13771644,1497785323,38371
19-06-2026,NYKAA,FSN E COMMERCE VENTURES,299.2,303.7,298.55,302.3,298.1,13610176,4108046457,103591
19-06-2026,TCS,TATA CONSULTANCY SERV LT,2105,2138,2059.9,2125,2203.3,13286502,27758042714,481812
19-06-2026,IRFC,INDIAN RAILWAY FIN CORP L,99.01,100.8,98.84,99.51,100.13,13152144,1311371806,55162
19-06-2026,BAJFINANCE,BAJAJ FINANCE LIMITED,954.05,971.7,953.25,961.8,958.85,12941776,12457330967,158695
19-06-2026,PVTBANKADD,DSPAMC - DSPPVBKETF,28.37,28.7,28.19,28.47,28.41,12654509,359064493.2,349
19-06-2026,JISLJALEQS,JAIN IRRIGATION SYSTEMS,33.15,35.5,32.7,34.87,33.17,12521188,431323312.9,27917
19-06-2026,EASEMYTRIP,EASY TRIP PLANNERS LTD,8.02,8.05,7.81,7.95,7.99,12475792,98610773.19,10069
19-06-2026,NHPC,NHPC LTD,75.7,76.01,75.13,75.82,75.94,12361623,933915193,30368
19-06-2026,MSUMI,MOTHERSON SUMI WRNG IND L,37.65,38.6,37.42,38.03,37.75,12257716,463943808.4,55868
19-06-2026,LICI,LIFE INSURA CORP OF INDIA,430.8,450.2,430.05,440.15,430,12106383,5344054919,103308
19-06-2026,TMPV,TATA MOTORS PASS VEH LTD,363.75,363.75,356.5,359.5,364.65,11928855,4279923420,128867
19-06-2026,SWSOLAR,STRLNG & WIL REN ENE LTD,221.84,241.5,218.79,235.47,222.13,11739576,2762158531,116151
19-06-2026,AWL,AWL AGRI BUSINESS LIMITED,192.43,192.43,183.13,184.31,192.43,11691354,2174694776,99869
19-06-2026,EDELWEISS,EDELWEISS FIN SERV LTD,121.31,125.98,119.69,124.71,121.34,11659114,1448438007,56970
19-06-2026,POONAWALLA,POONAWALLA FINCORP LTD,403.7,436,400.7,426.7,404.5,11450981,4854761284,138500
19-06-2026,IRB,IRB INFRA DEV LTD.,21.43,21.7,21.24,21.44,21.42,11326942,243281061.3,19798
19-06-2026,BPCL,BHARAT PETROLEUM CORP  LT,315,315,305.1,306.6,316.3,11322845,3484528575,77078
19-06-2026,NETWORK18,NETWORK18 MEDIA & INV LTD,34.4,35.13,33.8,33.98,34.54,11302310,389038790.9,22450
19-06-2026,UNIONBANK,UNION BANK OF INDIA,176.1,176.69,174.5,175.76,176.12,11232086,1972617030,48906
19-06-2026,ABCAPITAL,ADITYA BIRLA CAPITAL LTD.,369.95,377.25,368.6,375.9,370.6,11199442,4206534870,51152
19-06-2026,GAIL,GAIL (INDIA) LTD,176,176.42,173.1,173.9,176.44,11093745,1931127150,35730
19-06-2026,BEL,BHARAT ELECTRONICS LTD,427.9,431.6,424.55,426.9,428.6,10829044,4627552169,109590
19-06-2026,BANKINDIA,BANK OF INDIA,147.4,147.44,145.3,146.57,147.67,10500090,1534478778,34306
19-06-2026,PANAMAPET,PANAMA PETROCHEM LTD,409.85,489.9,409.2,483.25,408.25,10473948,4902426816,148192
19-06-2026,RTNPOWER,RATTANINDIA POWER LIMITED,9.29,9.5,9.23,9.37,9.31,10418010,97159190.95,13529
19-06-2026,POWERGRID,POWER GRID CORP. LTD.,288.95,292.9,287.65,292.25,288.7,10295261,2997837092,56966
19-06-2026,APOLLO,APOLLO MICRO SYSTEMS LTD,426.6,435,420.6,433.15,426.6,10218594,4391337792,93182
19-06-2026,UCOBANK,UCO BANK,27.92,27.92,27.45,27.58,27.99,10035499,276779097,19965
19-06-2026,HCLTECH,HCL TECHNOLOGIES LTD,1110,1136,1091.4,1131.7,1161.8,10014063,11200126631,191632
19-06-2026,RBLBANK,RBL BANK LIMITED,370.2,379.9,367.5,378.85,369.25,9737378,3652879877,63738
19-06-2026,STEELXIND,STEEL EXCHANGE INDIA LTD,13,13.5,12.84,13.39,13.05,9542689,126990700.9,10005
19-06-2026,VBL,VARUN BEVERAGES LIMITED,535.9,538.7,526.35,529.5,531.55,9495702,5051746089,75724
19-06-2026,ANGELONE,ANGEL ONE LIMITED,355,360.45,349.65,353.7,352.8,9378921,3331641620,70724
19-06-2026,ALOKINDS,ALOK INDUSTRIES LIMITED,13.2,13.48,13.06,13.29,13.23,9360801,124458229.5,13153
19-06-2026,FCL,FINEOTEX CHEMICAL LIMITED,43.49,44.55,42.71,43.52,43.45,9239961,405027322.4,19074
19-06-2026,SBIN,STATE BANK OF INDIA,1042,1042,1029.3,1035.1,1042.7,9099878,9414899537,116893
19-06-2026,ICICIBANK,ICICI BANK LTD.,1340.5,1352.3,1332,1346.5,1342.3,9057322,12194367732,141850
19-06-2026,TRIDENT,TRIDENT LIMITED,25.86,26.16,25.52,25.93,25.97,8995498,232849162.8,21528
19-06-2026,UNITECH,UNITECH LTD,5.21,5.22,4.98,5.01,5.18,8983514,45497478.24,9668
19-06-2026,RELTD,RAVINDRA ENERGY LIMITED,150,172.75,143.99,170.75,143.96,8980426,1483608843,66589
19-06-2026,GROWWSLVR,GROWWAMC - GROWWSLVR,22.42,22.79,22.11,22.67,23.56,8891738,199091653.9,7861
19-06-2026,SWIGGY,SWIGGY LIMITED,255.95,256.5,252,254.05,255.95,8866241,2251844250,44325
19-06-2026,NATIONALUM,NATIONAL ALUMINIUM CO LTD,365.9,376.75,362.4,376,367.75,8824485,3290664885,57072
19-06-2026,NACLIND,NACL INDUSTRIES LIMITED,168.58,195.8,167.84,193.8,167.65,8783924,1670091972,73850
19-06-2026,PARADEEP,PARADEEP PHOSPHATES LTD,134.15,138.9,133.61,136.22,134.25,8663706,1181630270,50733
19-06-2026,GICRE,GENERAL INS CORP OF INDIA,358.45,373,356.85,368.7,357.1,8541234,3128294589,68533
19-06-2026,NELCO,NELCO LTD,886,993.8,886,940.35,871.9,8378943,7913402036,203330
19-06-2026,COFORGE,COFORGE LIMITED,1403.7,1468.8,1397.8,1463.3,1483,8297808,11952986867,347975
19-06-2026,INDUSTOWER,INDUS TOWERS LIMITED,413.85,417.8,409.5,411.2,414.3,8098769,3337377257,59538
19-06-2026,PARACABLES,PARAMOUNT COMM LTD,70,74.34,68.94,73.06,69.82,7921488,574236587.8,28536
19-06-2026,BANDHANBNK,BANDHAN BANK LIMITED,214,214,207.01,208.09,214.28,7902818,1655877103,45557
19-06-2026,LGEINDIA,LG ELECTRONICS INDIA LTD,1600,1705.2,1565.4,1647.8,1607.6,7829058,12860016177,150259
19-06-2026,BERGEPAINT,BERGER PAINTS (I) LTD,506,559.7,504.8,550.7,505.05,7790257,4247951980,197094
19-06-2026,FEDERALBNK,FEDERAL BANK LTD,320,324.9,319.05,323.95,320.45,7763307,2502024561,40406
19-06-2026,ONGC,OIL AND NATURAL GAS CORP.,245.3,246.7,243.3,246.25,245.3,7609532,1865227169,66961
19-06-2026,JYOTISTRUC,JYOTI STRUCTURES LTD,12.24,12.75,12.17,12.37,12.24,7339202,91214584.99,5957
19-06-2026,NIVABUPA,NIVA BUPA HEALTH INS CO L,87.1,89,85.39,86.87,87.09,7306794,637656687,42620
19-06-2026,EXICOM,EXICOM TELE SYSTEMS LTD,168,177,165.3,172.53,168.15,7296201,1258353337,42800
19-06-2026,NLCINDIA,NLC INDIA LIMITED,324.8,328.7,318.8,321.7,323.75,7203482,2338627144,54569
19-06-2026,TMCV,TATA MOTORS LIMITED,408,409.5,400.05,402.1,407.05,7163080,2885529435,103458
19-06-2026,JUBLFOOD,JUBILANT FOODWORKS LTD,423.2,423.25,416.05,419,422.95,7105506,2976113707,51312
19-06-2026,TENNIND,TENNECO CLEAN AIR INDIA L,568.55,605.7,562.15,584.95,569.65,7066520,4116755782,128978
19-06-2026,UJJIVANSFB,UJJIVAN SMALL FINANC BANK,58.52,58.84,57.02,57.27,58.62,6884920,397248076.4,26317
19-06-2026,AHCL,ANLON HEALTHCARE LIMITED,15.69,16.45,15.63,16.3,15.75,6640407,107040318.7,8944
19-06-2026,MMTC,MMTC LIMITED,74.68,75.75,74.06,74.55,74.95,6629184,495685416.9,22182
19-06-2026,BCG,BRIGHTCOM GROUP LIMITED,10.37,10.45,10.19,10.29,10.37,6627822,68022301.18,5096
19-06-2026,INDUSINDBK,INDUSIND BANK LIMITED,938.5,950.55,931.2,947.45,938.75,6521623,6163054499,50157
19-06-2026,RCF,RASHTRIYA CHEMICALS & FER,133.2,139.25,133.2,136.65,134.45,6504274,893935114.9,48488
19-06-2026,EIEL,ENVIRO INFRA ENGINEERS L,195,213.2,192.85,205.87,194.76,6450644,1332485890,63824
19-06-2026,NITCO,NITCO LIMITED,106.9,114.44,105.55,113.74,106.92,6446037,715644975.9,43476
19-06-2026,AEROENTER,AEROFLEX ENTERPRISES LTD,123.4,137.95,121.5,135.87,124.42,6427192,861403138.8,48111
19-06-2026,DIACABS,DIAMOND POWER INFRA LTD,204.95,210.51,204.27,209.24,202.25,6366523,1326425330,40704
19-06-2026,PAISALO,PAISALO DIGITAL LIMITED,58.54,59.75,58.06,58.81,58.51,6346774,373609902.7,12762
19-06-2026,MOREPENLAB,MOREPEN LAB. LTD,50.98,51.35,48.6,49.5,51.03,6160692,307933141.6,17291
19-06-2026,COALINDIA,COAL INDIA LTD,452.3,454.8,448,451.3,452,6128782,2763470576,55974
19-06-2026,KISSHT,ONEMI TECHNOLOGY SOL LTD,271.15,298.9,271.05,295.7,271.9,6019506,1743176582,66044
19-06-2026,ENGINERSIN,ENGINEERS INDIA LTD,253.5,258.9,248.2,250.74,253.15,6016884,1527190100,57187
19-06-2026,HINDALCO,HINDALCO  INDUSTRIES  LTD,998,1016.8,985.2,1010,1008.5,6013455,6061683873,88559
19-06-2026,HINDPETRO,HINDUSTAN PETROLEUM CORP,400.2,400.3,390,392.1,401.6,5929061,2334942541,50958
19-06-2026,SCI,SHIPPING CORP OF INDIA LT,309.5,319.5,309.5,312.15,309.25,5887279,1852157723,49941
19-06-2026,TECHM,TECH MAHINDRA LIMITED,1350,1417.2,1344,1409.6,1447.7,5864187,8115025021,262136
19-06-2026,SDBL,SOM DIST & BREW LTD,81.1,84.09,73.65,75.31,85.9,5855376,454612760.6,37476
19-06-2026,SHAH,SHAH METACORP LIMITED,4.69,4.76,4.64,4.66,4.65,5842697,27341665.62,3157
19-06-2026,YATRA,YATRA ONLINE LIMITED,111.5,117.8,110.02,112.96,111.13,5838604,667809482.9,35718
19-06-2026,MRPL,MRPL,158.8,158.93,153.61,154.19,159.07,5718000,887466514.9,40131
19-06-2026,WALCHANNAG,WALCHANDNAGAR INDUSTRIES,300.45,315.8,296.7,312.05,301.35,5681026,1755582276,54895
19-06-2026,WELSPUNLIV,WELSPUN LIVING LIMITED,162,164.58,158.2,162.23,163,5648234,911056045.3,48039
19-06-2026,JYOTICNC,JYOTI CNC AUTOMATION LTD,699,754.75,696,737.95,700.65,5625870,4168560588,140921
19-06-2026,LLOYDSENT,LLOYDS ENTERPRISES LTD,77.33,77.99,74.36,77.22,76.88,5589903,425605305.2,22342
19-06-2026,NSLNISP,NMDC STEEL LIMITED,46.99,47.23,46.25,46.88,47.11,5563304,259152918.4,21585
19-06-2026,NTPCGREEN,NTPC GREEN ENERGY LIMITED,95.75,97.18,94.34,96.04,95.84,5507610,526904635.8,59799
19-06-2026,RVNL,RAIL VIKAS NIGAM LIMITED,246.5,246.5,242.29,243.99,247.58,5474304,1336822681,46101
19-06-2026,MSPL,MSP STEEL & POWER LTD.,42.4,44.32,42.4,44.32,42.21,5362185,235804549.6,7030
19-06-2026,MONIFTY500,MOTILALAMC - MONIFTY500,23.62,23.68,23.51,23.63,23.68,5322786,125879065.5,1577
19-06-2026,SUMEETINDS,SUMEET IND LIMITED,26.48,26.49,25.71,25.84,25.87,5205241,136406151.1,4278
19-06-2026,CGCL,CAPRI GLOBAL CAPITAL LTD,220.01,225.99,218.53,220.96,220.81,5205174,1154671618,30696
19-06-2026,HDBFS,HDB FINANCIAL SERVICES L,696.05,733,685.75,717.4,695.45,5185606,3707201608,109286
19-06-2026,JBMA,JBM AUTO LIMITED,708,738,699.15,727.3,706.5,5104745,3712311111,105716
19-06-2026,GATECH,GACM TECHNOLOGIES LIMITED,0.52,0.53,0.51,0.51,0.51,5031877,2609049.24,795
19-06-2026,BANKBARODA,BANK OF BARODA,281.95,282.5,278.1,281.05,283,4914684,1378642013,37939
19-06-2026,GARFIBRES,GARWARE TECH FIBRES LTD,698.75,818.65,695,796.4,697.6,4899596,3862866391,143468
19-06-2026,IOB,INDIAN OVERSEAS BANK,35.19,35.28,34.75,35.09,35.23,4843466,169544404.8,15735
19-06-2026,RENUKA,SHREE RENUKA SUGARS LTD,23.17,23.3,22.88,23.09,23.21,4750525,109514568.2,9653
19-06-2026,LTF,L&T FINANCE LIMITED,282.4,289.8,282.4,286.5,286.9,4742265,1360139579,36807
19-06-2026,AXISBANK,AXIS BANK LIMITED,1356.8,1363,1350.5,1357.9,1360.1,4640277,6293452922,89926
19-06-2026,TATAPOWER,TATA POWER CO LTD,402.5,403.7,399.5,402.35,402.9,4585159,1840420501,36275
19-06-2026,PPLPHARMA,PIRAMAL PHARMA LIMITED,160.4,162.08,158.15,158.9,160.2,4540136,728927868.1,23430
19-06-2026,RICOAUTO,RICO AUTO INDUSTRIES LTD,144,148.9,143.01,145.28,144.43,4534708,660982262.3,29330
19-06-2026,INDSWFTLAB,IND SWIFT LABORATORIES LT,172,190.5,169.5,187.38,168.68,4532691,821739612.3,44200
19-06-2026,LEMONTREE,LEMON TREE HOTELS LTD,111.95,113.5,111.62,113.04,111.86,4434976,500409120.3,48442
19-06-2026,BHAGCHEM,BHAGIRADHA CHEM & INDS L,258.99,298,242.7,279.26,258.99,4419217,1262348409,55666
19-06-2026,UPL,UPL LIMITED,610.8,611.7,603,608.65,610.8,4384034,2667253117,47905
19-06-2026,ADANIPORTS,ADANI PORT & SEZ LTD,1842.1,1849,1830,1835.3,1842.1,4382841,8047698366,64788
19-06-2026,RPTECH,RASHI PERIPHERALS LIMITED,726,762.9,716.95,750.65,730,4217460,3155849226,64035
19-06-2026,DCXINDIA,DCX SYSTEMS LIMITED,193,208.59,192.2,204.32,193.33,4211213,857989865.2,47655
19-06-2026,DLF,DLF LIMITED,639,639,619.65,624.5,640.7,4202998,2638093069,75270
19-06-2026,GNA,GNA AXLES LIMITED,413,456,408,413.15,412.85,4186116,1817870946,83410
19-06-2026,NEXT50BETA,UTIAMC-NEXT50BETA,78.07,79.2,77.69,78.68,78.08,4158346,325794045.1,2723
19-06-2026,DEN,DEN NETWORKS LTD,31.59,33.6,31.01,33.08,31.31,4148351,136502814.5,12656
19-06-2026,JSWCEMENT,JSW CEMENT LIMITED,131.48,133.3,128.2,128.66,130.72,4132651,539129855.7,24782
19-06-2026,CONFIPET,CONFIDENCE PETRO IND LTD.,68.9,71.04,67.11,70.44,67.89,4124933,288483326.1,14756
19-06-2026,OLECTRA,OLECTRA GREENTECH LIMITED,1443.9,1534.7,1435.2,1520.3,1446.6,4118033,6202649665,191845
19-06-2026,KALYANKJIL,KALYAN JEWELLERS IND LTD,380.55,386.5,375.25,383.5,382.95,4107954,1566669543,40653
19-06-2026,JSWINFRA,JSW INFRASTRUCTURE LTD,307.95,312.85,306.15,308.15,307.95,4072021,1257938063,49123
19-06-2026,DEVYANI,DEVYANI INTERNATIONAL LTD,116,117.64,114.1,116.91,115.28,4058264,471644866.1,28483
19-06-2026,ICICIAMC,ICICI PRUDENTIAL AMC LTD,3430,3568,3332,3429,3431.7,4005867,13683498858,105299
19-06-2026,IREDA,INDIAN RENEWABLE ENERGY,127.5,128.19,126.33,127.15,127.96,3976588,505370248.6,24998
19-06-2026,ATALREAL,ATAL REALTECH LIMITED,30.37,30.91,30.14,30.72,30.19,3921194,119745529,3924
19-06-2026,GROWWPOWER,GROWWAMC - GROWWPOWER,12.3,12.5,12.22,12.46,12.37,3847464,47901666.29,4119
19-06-2026,CGPOWER,CG POWER AND IND SOL LTD,954.1,966.05,950.05,963.7,954.45,3828968,3681756510,52475
19-06-2026,SBFC,SBFC FINANCE LIMITED,91.5,97.45,91.5,95.4,91.95,3794321,359477485,26654
19-06-2026,METAL,MIRAEAMC - METAL,13.44,13.44,13,13.14,13.12,3791102,49618457.78,5904
19-06-2026,AQYLON,AQYLON NEXUS LIMITED,48.87,49.9,45.64,48.52,48.04,3757071,179740771.8,10150
19-06-2026,REFEX,REFEX INDUSTRIES LIMITED,315,342,315,336.9,318.65,3756870,1260943904,49407
19-06-2026,BELRISE,BELRISE INDUSTRIES LTD,239.99,245.3,239.1,241.09,239.24,3749142,907150794.8,42659
19-06-2026,ICICIPRULI,ICICI PRU LIFE INS CO LTD,518,522.55,498.35,500.3,522.1,3733720,1882103377,56848
19-06-2026,SALASAR,SALASAR TECHNO ENGG. LTD.,7.07,7.15,7.01,7.07,7.09,3700116,26192339.57,3252
19-06-2026,RAIN,RAIN INDUSTRIES LIMITED,189.15,195.9,187.36,191,189.15,3687315,705605791.8,27193
19-06-2026,JSWENERGY,JSW ENERGY LIMITED,573.25,581,564.6,570.1,575.55,3659448,2092992100,58602
19-06-2026,ADANIENT,ADANI ENTERPRISES LIMITED,3017,3051.9,3009.1,3038.4,3013.4,3620222,10986283617,91842
19-06-2026,HINDZINC,HINDUSTAN ZINC LIMITED,563,565.3,552.55,563.55,571.45,3550093,1994582349,48456
19-06-2026,PFC,POWER FIN CORP LTD.,429.3,432,425.65,431,429.3,3496218,1504757456,35512
19-06-2026,GANDHAR,GANDHAR OIL REFINE IND L,174.29,184.5,172.02,180.26,174.11,3490988,631169068.2,30345
19-06-2026,BDL,BHARAT DYNAMICS LIMITED,1309.3,1378.8,1304.9,1373.4,1311.8,3488237,4735278594,96043
19-06-2026,AGIIL,AGI INFRA LIMITED,353.5,385,351.5,375.65,352.85,3481832,1286683515,20590
19-06-2026,ATGL,ADANI TOTAL GAS LIMITED,735,742.3,721.5,727.3,724.35,3480575,2542482852,51938
19-06-2026,JINDALSAW,JINDAL SAW LIMITED,263.02,269.91,259.5,260.88,264.06,3446472,906463771.6,40983
19-06-2026,THELEELA,LEELA PALACES HOTEL LTD,457.6,502,450.4,494.2,457.6,3439293,1676436478,71429
19-06-2026,GPPL,GUJARAT PIPAVAV PORT LTD,156,156.05,152.6,153.08,154.97,3430275,527803420.1,14952
19-06-2026,M&M,MAHINDRA & MAHINDRA LTD,3110,3130,3059,3074.8,3136.5,3408840,10509268755,115716
19-06-2026,DAVANGERE,DAVANGERE SUGAR COMPANY L,3.65,3.65,3.6,3.61,3.63,3383037,12214437.54,1908
19-06-2026,TTML,TATA TELESERV(MAHARASTRA),44.89,45.46,44.02,44.19,44.89,3305285,147427946.3,10972
19-06-2026,NCC,NCC LIMITED,153.4,159.9,153.07,155.84,154.98,3287428,515826341.9,27767
19-06-2026,IT,KOTAKMAMC - KOTAKIT,31.1,31.1,29.52,30.38,31.58,3267977,97896851.36,4776
19-06-2026,HARDWYN,HARDWYN INDIA LIMITED,25.78,26,25,25.19,25.84,3255262,82852570.29,3477
19-06-2026,AEROFLEX,AEROFLEX INDUSTRIES LTD,488.4,518.8,486.8,507.25,489,3240258,1637770623,41915
19-06-2026,BAJAJHIND,BAJAJ HINDUSTHAN SUGAR LT,19.43,19.55,19.12,19.19,19.4,3212593,61944562.59,6675
19-06-2026,HINDCOPPER,HINDUSTAN COPPER LTD,506.85,513,500.9,511.15,509.7,3191552,1614797113,54531
19-06-2026,AADHARHFC,AADHAR HOUSING FINANCE L,486.45,524.5,482.05,515.1,486.45,3191119,1632097122,50338
19-06-2026,INDHOTEL,THE INDIAN HOTELS CO. LTD,710.2,728.9,706.05,724.75,710.45,3177687,2295314660,49420
19-06-2026,EQUITASBNK,EQUITAS SMALL FIN BNK LTD,77.1,78.4,76.45,77.25,77.7,3156614,244150176.2,22331
19-06-2026,ABFRL,ADITYA BIRLA FASHION & RT,61.6,61.7,60.21,60.64,61.54,3087993,188070209.5,13799
19-06-2026,GOKEX,GOKALDAS EXPORTS LTD.,777.95,825,765.15,818.7,784.1,3078701,2487438498,80221
19-06-2026,CDSL,CENTRAL DEPO SER (I) LTD,1351.9,1379.4,1337.5,1370.3,1350.4,3067601,4178728958,111640
19-06-2026,J&KBANK,J & K BANK LTD.,162.9,166.23,162.02,163.56,162.9,3046354,499131729,25759
19-06-2026,MANAPPURAM,MANAPPURAM FINANCE LTD,311.75,319.75,305.9,318.65,321.35,3024159,958514080.9,43577
19-06-2026,BATAINDIA,BATA INDIA LTD,785,786,740.3,747.7,789.9,2990336,2272167222,77116
19-06-2026,ADANIGREEN,ADANI GREEN ENERGY LTD,1508,1527,1493.1,1502.4,1506.8,2962921,4471136950,57533
19-06-2026,THOMASCOOK,THOMAS COOK (INDIA) LTD,116.03,116.03,108.71,111.6,116.56,2950171,329743662.6,25860
